Individual;Species;Study;Origin;Sample_type;S_region;Platform;Type;Read_length;F_Primer;R_Primer;Archived_S;Class;Diet;Mobility
D00344;I00313;CHMY;Campos2018;Wild;Scat;V1,V2,V3;Illumina MiSeq;Preprocessed (fastq);530;27f;519r;SRR5883413;Reptilia;Herviborous;Terrestrial
D00345;I00314;CHMY;Campos2018;Wild;Scat;V1,V2,V3;Illumina MiSeq;Preprocessed (fastq);530;27f;519r;SRR5883412;Reptilia;Herviborous;Terrestrial
D00346;I00315;CHMY;Campos2018;Wild;Scat;V1,V2,V3;Illumina MiSeq;Preprocessed (fastq);530;27f;519r;SRR5883411;Reptilia;Herviborous;Terrestrial
D00347;I00316;CHMY;Campos2018;Wild;Scat;V1,V2,V3;Illumina MiSeq;Preprocessed (fastq);530;27f;519r;SRR5883410;Reptilia;Herviborous;Terrestrial
D00348;I00317;CHMY;Campos2018;Wild;Scat;V1,V2,V3;Illumina MiSeq;Preprocessed (fastq);530;27f;519r;SRR5883409;Reptilia;Herviborous;Terrestrial
D00349;I00302;CHMY;Campos2018;Wild;Scat;V1,V2,V3;Illumina MiSeq;Preprocessed (fastq);530;27f;519r;SRR5883428;Reptilia;Herviborous;Terrestrial
D00350;I00303;CHMY;Campos2018;Wild;Scat;V1,V2,V3;Illumina MiSeq;Preprocessed (fastq);530;27f;519r;SRR5883427;Reptilia;Herviborous;Terrestrial
D00351;I00304;CHMY;Campos2018;Wild;Scat;V1,V2,V3;Illumina MiSeq;Preprocessed (fastq);530;27f;519r;SRR5883430;Reptilia;Herviborous;Terrestrial
D00360;I01649;CHMY;Campos2018;Captivity;Scat;V1,V2,V3;Illumina MiSeq;Preprocessed (fastq);530;27f;519r;SRR5883426;Reptilia;Herviborous;Terrestrial
D00361;I01650;CHMY;Campos2018;Captivity;Scat;V1,V2,V3;Illumina MiSeq;Preprocessed (fastq);530;27f;519r;SRR5883425;Reptilia;Herviborous;Terrestrial
D00362;I01651;CHMY;Campos2018;Captivity;Scat;V1,V2,V3;Illumina MiSeq;Preprocessed (fastq);530;27f;519r;SRR5883432;Reptilia;Herviborous;Terrestrial
D00363;I01652;CHMY;Campos2018;Captivity;Scat;V1,V2,V3;Illumina MiSeq;Preprocessed (fastq);530;27f;519r;SRR5883431;Reptilia;Herviborous;Terrestrial
D00364;I01653;CHMY;Campos2018;Captivity;Scat;V1,V2,V3;Illumina MiSeq;Preprocessed (fastq);530;27f;519r;SRR5883419;Reptilia;Herviborous;Terrestrial
D00365;I01654;CHMY;Campos2018;Captivity;Scat;V1,V2,V3;Illumina MiSeq;Preprocessed (fastq);530;27f;519r;SRR5883420;Reptilia;Herviborous;Terrestrial
D00366;I01655;CHMY;Campos2018;Captivity;Scat;V1,V2,V3;Illumina MiSeq;Preprocessed (fastq);530;27f;519r;SRR5883421;Reptilia;Herviborous;Terrestrial
D03235;I03676;PEMA;Schmidt2019;Captivity;Scat;V3,V4;Illumina MiSeq;PE;250;341f;805r;SRR7011576;Mammalia;;
D03243;I03684;PEMA;Schmidt2019;Wild;Scat;V3,V4;Illumina MiSeq;PE;250;341f;805r;SRR7011584;Mammalia;;
D03244;I03685;PEMA;Schmidt2019;Captivity;Scat;V3,V4;Illumina MiSeq;PE;250;341f;805r;SRR7011585;Mammalia;;
D03247;I03688;PEMA;Schmidt2019;Captivity;Scat;V3,V4;Illumina MiSeq;PE;250;341f;805r;SRR7011588;Mammalia;;
D03248;I03689;PEMA;Schmidt2019;Captivity;Scat;V3,V4;Illumina MiSeq;PE;250;341f;805r;SRR7011589;Mammalia;;
D03250;I03691;PEMA;Schmidt2019;Captivity;Scat;V3,V4;Illumina MiSeq;PE;250;341f;805r;SRR7011591;Mammalia;;
D03251;I03692;PEMA;Schmidt2019;Captivity;Scat;V3,V4;Illumina MiSeq;PE;250;341f;805r;SRR7011592;Mammalia;;
D03254;I03695;PEMA;Schmidt2019;Captivity;Scat;V3,V4;Illumina MiSeq;PE;250;341f;805r;SRR7011595;Mammalia;;
D03259;I03700;PEMA;Schmidt2019;Wild;Scat;V3,V4;Illumina MiSeq;PE;250;341f;805r;SRR7011600;Mammalia;;
D03260;I03701;PEMA;Schmidt2019;Wild;Scat;V3,V4;Illumina MiSeq;PE;250;341f;805r;SRR7011601;Mammalia;;
D03261;I03702;PEMA;Schmidt2019;Wild;Scat;V3,V4;Illumina MiSeq;PE;250;341f;805r;SRR7011602;Mammalia;;
D03264;I03705;PEMA;Schmidt2019;Captivity;Scat;V3,V4;Illumina MiSeq;PE;250;341f;805r;SRR7011605;Mammalia;;
D03266;I03707;PEMA;Schmidt2019;Wild;Scat;V3,V4;Illumina MiSeq;PE;250;341f;805r;SRR7011607;Mammalia;;
D03267;I03708;PEMA;Schmidt2019;Captivity;Scat;V3,V4;Illumina MiSeq;PE;250;341f;805r;SRR7011608;Mammalia;;
D03270;I03711;PEMA;Schmidt2019;Wild;Scat;V3,V4;Illumina MiSeq;PE;250;341f;805r;SRR7011611;Mammalia;;
D03272;I03713;PEMA;Schmidt2019;Captivity;Scat;V3,V4;Illumina MiSeq;PE;250;341f;805r;SRR7011613;Mammalia;;
D03273;I03714;PEMA;Schmidt2019;Wild;Scat;V3,V4;Illumina MiSeq;PE;250;341f;805r;SRR7011614;Mammalia;;
D03276;I03717;PEMA;Schmidt2019;Captivity;Scat;V3,V4;Illumina MiSeq;PE;250;341f;805r;SRR7011617;Mammalia;;
D03279;I03720;PEMA;Schmidt2019;Captivity;Scat;V3,V4;Illumina MiSeq;PE;250;341f;805r;SRR7011620;Mammalia;;
D03283;I03724;PEMA;Schmidt2019;Wild;Scat;V3,V4;Illumina MiSeq;PE;250;341f;805r;SRR7011624;Mammalia;;
D03284;I03725;PEMA;Schmidt2019;Captivity;Scat;V3,V4;Illumina MiSeq;PE;250;341f;805r;SRR7011625;Mammalia;;
D03285;I03726;PEMA;Schmidt2019;Captivity;Scat;V3,V4;Illumina MiSeq;PE;250;341f;805r;SRR7011626;Mammalia;;
D03286;I03727;PEMA;Schmidt2019;Wild;Scat;V3,V4;Illumina MiSeq;PE;250;341f;805r;SRR7011627;Mammalia;;
D03288;I03729;PEMA;Schmidt2019;Wild;Scat;V3,V4;Illumina MiSeq;PE;250;341f;805r;SRR7011629;Mammalia;;
D03289;I03730;PEMA;Schmidt2019;Captivity;Scat;V3,V4;Illumina MiSeq;PE;250;341f;805r;SRR7011630;Mammalia;;
D03290;I03731;PEMA;Schmidt2019;Wild;Scat;V3,V4;Illumina MiSeq;PE;250;341f;805r;SRR7011631;Mammalia;;
D03291;I03732;PEMA;Schmidt2019;Captivity;Scat;V3,V4;Illumina MiSeq;PE;250;341f;805r;SRR7011632;Mammalia;;
D03292;I03733;PEMA;Schmidt2019;Wild;Scat;V3,V4;Illumina MiSeq;PE;250;341f;805r;SRR7011633;Mammalia;;
D03296;I03737;PEMA;Schmidt2019;Wild;Scat;V3,V4;Illumina MiSeq;PE;250;341f;805r;SRR7011637;Mammalia;;
D03297;I03738;PEMA;Schmidt2019;Captivity;Scat;V3,V4;Illumina MiSeq;PE;250;341f;805r;SRR7011638;Mammalia;;
D03298;I03739;PEMA;Schmidt2019;Captivity;Scat;V3,V4;Illumina MiSeq;PE;250;341f;805r;SRR7011639;Mammalia;;
D03299;I03740;PEMA;Schmidt2019;Captivity;Scat;V3,V4;Illumina MiSeq;PE;250;341f;805r;SRR7011640;Mammalia;;
D03301;I03742;PEMA;Schmidt2019;Wild;Scat;V3,V4;Illumina MiSeq;PE;250;341f;805r;SRR7011642;Mammalia;;
D03303;I03744;PEMA;Schmidt2019;Wild;Scat;V3,V4;Illumina MiSeq;PE;250;341f;805r;SRR7011644;Mammalia;;
D03307;I03748;PEMA;Schmidt2019;Captivity;Scat;V3,V4;Illumina MiSeq;PE;250;341f;805r;SRR7011648;Mammalia;;
D03308;I03749;PEMA;Schmidt2019;Captivity;Scat;V3,V4;Illumina MiSeq;PE;250;341f;805r;SRR7011649;Mammalia;;
D03310;I03751;PEMA;Schmidt2019;Wild;Scat;V3,V4;Illumina MiSeq;PE;250;341f;805r;SRR7011651;Mammalia;;
D03311;I03752;PEMA;Schmidt2019;Wild;Scat;V3,V4;Illumina MiSeq;PE;250;341f;805r;SRR7011652;Mammalia;;
D03312;I03753;PEMA;Schmidt2019;Wild;Scat;V3,V4;Illumina MiSeq;PE;250;341f;805r;SRR7011653;Mammalia;;
D03313;I03754;PEMA;Schmidt2019;Captivity;Scat;V3,V4;Illumina MiSeq;PE;250;341f;805r;SRR7011654;Mammalia;;
D03316;I03757;PEMA;Schmidt2019;Captivity;Scat;V3,V4;Illumina MiSeq;PE;250;341f;805r;SRR7011657;Mammalia;;
D03317;I03758;PEMA;Schmidt2019;Wild;Scat;V3,V4;Illumina MiSeq;PE;250;341f;805r;SRR7011658;Mammalia;;
D03319;I03760;PEMA;Schmidt2019;Captivity;Scat;V3,V4;Illumina MiSeq;PE;250;341f;805r;SRR7011660;Mammalia;;
D03322;I03763;PEMA;Schmidt2019;Wild;Scat;V3,V4;Illumina MiSeq;PE;250;341f;805r;SRR7011663;Mammalia;;
D03324;I03765;PEMA;Schmidt2019;Captivity;Scat;V3,V4;Illumina MiSeq;PE;250;341f;805r;SRR7011665;Mammalia;;
D03325;I03766;PEMA;Schmidt2019;Captivity;Scat;V3,V4;Illumina MiSeq;PE;250;341f;805r;SRR7011666;Mammalia;;
D03332;I03773;PEMA;Schmidt2019;Wild;Scat;V3,V4;Illumina MiSeq;PE;250;341f;805r;SRR7011673;Mammalia;;
D03333;I03774;PEMA;Schmidt2019;Wild;Scat;V3,V4;Illumina MiSeq;PE;250;341f;805r;SRR7011674;Mammalia;;
D03335;I03776;PEMA;Schmidt2019;Wild;Scat;V3,V4;Illumina MiSeq;PE;250;341f;805r;SRR7011676;Mammalia;;
D03339;I03780;PEMA;Schmidt2019;Wild;Scat;V3,V4;Illumina MiSeq;PE;250;341f;805r;SRR7011680;Mammalia;;
D03343;I03784;PEMA;Schmidt2019;Wild;Scat;V3,V4;Illumina MiSeq;PE;250;341f;805r;SRR7011684;Mammalia;;
D03344;I03785;PEMA;Schmidt2019;Wild;Scat;V3,V4;Illumina MiSeq;PE;250;341f;805r;SRR7011685;Mammalia;;
D03346;I03787;PEMA;Schmidt2019;Captivity;Scat;V3,V4;Illumina MiSeq;PE;250;341f;805r;SRR7011687;Mammalia;;
D03347;I03788;PEMA;Schmidt2019;Wild;Scat;V3,V4;Illumina MiSeq;PE;250;341f;805r;SRR7011688;Mammalia;;
D03354;I03795;PEMA;Schmidt2019;Wild;Scat;V3,V4;Illumina MiSeq;PE;250;341f;805r;SRR7011695;Mammalia;;
D03359;I03800;PEMA;Schmidt2019;Wild;Scat;V3,V4;Illumina MiSeq;PE;250;341f;805r;SRR7011700;Mammalia;;
D03364;I03805;PEMA;Schmidt2019;Wild;Scat;V3,V4;Illumina MiSeq;PE;250;341f;805r;SRR7011705;Mammalia;;
D03366;I03807;PEMA;Schmidt2019;Captivity;Scat;V3,V4;Illumina MiSeq;PE;250;341f;805r;SRR7011707;Mammalia;;
D03367;I03808;PEMA;Schmidt2019;Captivity;Scat;V3,V4;Illumina MiSeq;PE;250;341f;805r;SRR7011710;Mammalia;;
D03368;I03809;PEMA;Schmidt2019;Wild;Scat;V3,V4;Illumina MiSeq;PE;250;341f;805r;SRR7011711;Mammalia;;
D03369;I03810;PEMA;Schmidt2019;Captivity;Scat;V3,V4;Illumina MiSeq;PE;250;341f;805r;SRR7011712;Mammalia;;
D03370;I03811;PEMA;Schmidt2019;Captivity;Scat;V3,V4;Illumina MiSeq;PE;250;341f;805r;SRR7011713;Mammalia;;
D03372;I03813;PEMA;Schmidt2019;Wild;Scat;V3,V4;Illumina MiSeq;PE;250;341f;805r;SRR7011715;Mammalia;;
D04372;I06142;PYNE;Clayton2016;Wild;Scat;V4;Illumina MiSeq;PE;300;515f;806r;ERR1811582;Mammalia;;
D04373;I06143;PYNE;Clayton2016;Wild;Scat;V4;Illumina MiSeq;PE;300;515f;806r;ERR1811581;Mammalia;;
D04374;I06144;PYNE;Clayton2016;Wild;Scat;V4;Illumina MiSeq;PE;300;515f;806r;ERR1811580;Mammalia;;
D04375;I06145;PYNE;Clayton2016;Wild;Scat;V4;Illumina MiSeq;PE;300;515f;806r;ERR1811579;Mammalia;;
D04376;I06146;PYNE;Clayton2016;Wild;Scat;V4;Illumina MiSeq;PE;300;515f;806r;ERR1811578;Mammalia;;
D04377;I06147;PYNE;Clayton2016;Wild;Scat;V4;Illumina MiSeq;PE;300;515f;806r;ERR1811577;Mammalia;;
D04378;I06148;PYNE;Clayton2016;Wild;Scat;V4;Illumina MiSeq;PE;300;515f;806r;ERR1811576;Mammalia;;
D04379;I06149;PYNE;Clayton2016;Wild;Scat;V4;Illumina MiSeq;PE;300;515f;806r;ERR1811575;Mammalia;;
D04380;I06150;PYNE;Clayton2016;Wild;Scat;V4;Illumina MiSeq;PE;300;515f;806r;ERR1811574;Mammalia;;
D04381;I06151;PYNE;Clayton2016;Wild;Scat;V4;Illumina MiSeq;PE;300;515f;806r;ERR1811573;Mammalia;;
D04382;I06152;PYNE;Clayton2016;Wild;Scat;V4;Illumina MiSeq;PE;300;515f;806r;ERR1811572;Mammalia;;
D04383;I06153;PYNE;Clayton2016;Wild;Scat;V4;Illumina MiSeq;PE;300;515f;806r;ERR1811571;Mammalia;;
D04384;I06154;PYNE;Clayton2016;Wild;Scat;V4;Illumina MiSeq;PE;300;515f;806r;ERR1811570;Mammalia;;
D04385;I06155;PYNE;Clayton2016;Wild;Scat;V4;Illumina MiSeq;PE;300;515f;806r;ERR1811569;Mammalia;;
D04386;I06156;PYNE;Clayton2016;Wild;Scat;V4;Illumina MiSeq;PE;300;515f;806r;ERR1811568;Mammalia;;
D04387;I06157;PYNE;Clayton2016;Wild;Scat;V4;Illumina MiSeq;PE;300;515f;806r;ERR1811567;Mammalia;;
D04388;I06158;PYNE;Clayton2016;Wild;Scat;V4;Illumina MiSeq;PE;300;515f;806r;ERR1811566;Mammalia;;
D04389;I06159;PYNE;Clayton2016;Wild;Scat;V4;Illumina MiSeq;PE;300;515f;806r;ERR1811565;Mammalia;;
D04390;I06160;PYNE;Clayton2016;Wild;Scat;V4;Illumina MiSeq;PE;300;515f;806r;ERR1811564;Mammalia;;
D04391;I06161;PYNE;Clayton2016;Wild;Scat;V4;Illumina MiSeq;PE;300;515f;806r;ERR1811563;Mammalia;;
D04392;I06162;PYNE;Clayton2016;Wild;Scat;V4;Illumina MiSeq;PE;300;515f;806r;ERR1811562;Mammalia;;
D04393;I06163;PYNE;Clayton2016;Wild;Scat;V4;Illumina MiSeq;PE;300;515f;806r;ERR1811561;Mammalia;;
D04394;I06164;PYNE;Clayton2016;Wild;Scat;V4;Illumina MiSeq;PE;300;515f;806r;ERR1811560;Mammalia;;
D04395;I06165;PYNE;Clayton2016;Wild;Scat;V4;Illumina MiSeq;PE;300;515f;806r;ERR1811559;Mammalia;;
D04396;I06166;PYNE;Clayton2016;Wild;Scat;V4;Illumina MiSeq;PE;300;515f;806r;ERR1811558;Mammalia;;
D04397;I06167;PYNE;Clayton2016;Wild;Scat;V4;Illumina MiSeq;PE;300;515f;806r;ERR1811557;Mammalia;;
D04398;I06168;PYNE;Clayton2016;Wild;Scat;V4;Illumina MiSeq;PE;300;515f;806r;ERR1811556;Mammalia;;
D04410;I06180;PYNE;Clayton2016;Captivity;Scat;V4;Illumina MiSeq;PE;300;515f;806r;ERR1811544;Mammalia;;
D04411;I06181;PYNE;Clayton2016;Captivity;Scat;V4;Illumina MiSeq;PE;300;515f;806r;ERR1811543;Mammalia;;
D04412;I06182;PYNE;Clayton2016;Captivity;Scat;V4;Illumina MiSeq;PE;300;515f;806r;ERR1811542;Mammalia;;
D04413;I06183;PYNE;Clayton2016;Captivity;Scat;V4;Illumina MiSeq;PE;300;515f;806r;ERR1811541;Mammalia;;
D04414;I06184;PYNE;Clayton2016;Captivity;Scat;V4;Illumina MiSeq;PE;300;515f;806r;ERR1811540;Mammalia;;
D04415;I06185;PYNE;Clayton2016;Captivity;Scat;V4;Illumina MiSeq;PE;300;515f;806r;ERR1811539;Mammalia;;
D04416;I06186;PYNE;Clayton2016;Captivity;Scat;V4;Illumina MiSeq;PE;300;515f;806r;ERR1811538;Mammalia;;
D04417;I06187;PYNE;Clayton2016;Captivity;Scat;V4;Illumina MiSeq;PE;300;515f;806r;ERR1811537;Mammalia;;
D04418;I06188;PYNE;Clayton2016;Captivity;Scat;V4;Illumina MiSeq;PE;300;515f;806r;ERR1811536;Mammalia;;
D04419;I06189;PYNE;Clayton2016;Captivity;Scat;V4;Illumina MiSeq;PE;300;515f;806r;ERR1811535;Mammalia;;
D04420;I06190;PYNE;Clayton2016;Captivity;Scat;V4;Illumina MiSeq;PE;300;515f;806r;ERR1811534;Mammalia;;
D04421;I06191;PYNE;Clayton2016;Captivity;Scat;V4;Illumina MiSeq;PE;300;515f;806r;ERR1811533;Mammalia;;
D04422;I06192;PYNE;Clayton2016;Captivity;Scat;V4;Illumina MiSeq;PE;300;515f;806r;ERR1811532;Mammalia;;
D04423;I06193;PYNE;Clayton2016;Captivity;Scat;V4;Illumina MiSeq;PE;300;515f;806r;ERR1811531;Mammalia;;
D04424;I06194;PYNE;Clayton2016;Captivity;Scat;V4;Illumina MiSeq;PE;300;515f;806r;ERR1811530;Mammalia;;
D04432;I06202;PYNE;Clayton2016;Captivity;Scat;V4;Illumina MiSeq;PE;300;515f;806r;ERR1811522;Mammalia;;
D04433;I06203;PYNE;Clayton2016;Captivity;Scat;V4;Illumina MiSeq;PE;300;515f;806r;ERR1811521;Mammalia;;
D04434;I06204;PYNE;Clayton2016;Captivity;Scat;V4;Illumina MiSeq;PE;300;515f;806r;ERR1811520;Mammalia;;
D04435;I06205;PYNE;Clayton2016;Captivity;Scat;V4;Illumina MiSeq;PE;300;515f;806r;ERR1811519;Mammalia;;
D04436;I06206;PYNE;Clayton2016;Captivity;Scat;V4;Illumina MiSeq;PE;300;515f;806r;ERR1811518;Mammalia;;
D04437;I06207;PYNE;Clayton2016;Captivity;Scat;V4;Illumina MiSeq;PE;300;515f;806r;ERR1811517;Mammalia;;
D04438;I06208;PYNE;Clayton2016;Captivity;Scat;V4;Illumina MiSeq;PE;300;515f;806r;ERR1811516;Mammalia;;
D04439;I06209;PYNE;Clayton2016;Captivity;Scat;V4;Illumina MiSeq;PE;300;515f;806r;ERR1811515;Mammalia;;
D04440;I06210;PYNE;Clayton2016;Captivity;Scat;V4;Illumina MiSeq;PE;300;515f;806r;ERR1811514;Mammalia;;
D04441;I06211;PYNE;Clayton2016;Captivity;Scat;V4;Illumina MiSeq;PE;300;515f;806r;ERR1811513;Mammalia;;
D04442;I06212;PYNE;Clayton2016;Captivity;Scat;V4;Illumina MiSeq;PE;300;515f;806r;ERR1811512;Mammalia;;
D04443;I06213;PYNE;Clayton2016;Captivity;Scat;V4;Illumina MiSeq;PE;300;515f;806r;ERR1811511;Mammalia;;
D05494;I10328;ELDA;Sun2019;Captivity;Scat;V3,V4;Illumina MiSeq;PE;NA;515f;907r;;Mammalia;;
D05500;I10330;ELDA;Sun2019;Captivity;Scat;V3,V4;Illumina MiSeq;PE;NA;515f;907r;;Mammalia;;
D05501;I10332;ELDA;Sun2019;Captivity;Scat;V3,V4;Illumina MiSeq;PE;NA;515f;907r;;Mammalia;;
D05502;I10334;ELDA;Sun2019;Captivity;Scat;V3,V4;Illumina MiSeq;PE;NA;515f;907r;;Mammalia;;
D05503;I10336;ELDA;Sun2019;Captivity;Scat;V3,V4;Illumina MiSeq;PE;NA;515f;907r;;Mammalia;;
D05504;I10338;ELDA;Sun2019;Captivity;Scat;V3,V4;Illumina MiSeq;PE;NA;515f;907r;;Mammalia;;
D05506;I10342;ELDA;Sun2019;Wild;Scat;V3,V4;Illumina MiSeq;PE;NA;515f;907r;;Mammalia;;
D05507;I10344;ELDA;Sun2019;Wild;Scat;V3,V4;Illumina MiSeq;PE;NA;515f;907r;;Mammalia;;
D05508;I10346;ELDA;Sun2019;Wild;Scat;V3,V4;Illumina MiSeq;PE;NA;515f;907r;;Mammalia;;
D05509;I10348;ELDA;Sun2019;Wild;Scat;V3,V4;Illumina MiSeq;PE;NA;515f;907r;;Mammalia;;
D05510;I10350;ELDA;Sun2019;Wild;Scat;V3,V4;Illumina MiSeq;PE;NA;515f;907r;;Mammalia;;
D05511;I10352;ELDA;Sun2019;Wild;Scat;V3,V4;Illumina MiSeq;PE;NA;515f;907r;;Mammalia;;
D05619;I09610;SAHA1;Chong2019;Captivity;Scat;V3,V4;Illumina MiSeq;PE;300;341f;806r;SRR8984596;Mammalia;;
D05626;I09612;SAHA1;Chong2019;Captivity;Scat;V3,V4;Illumina MiSeq;PE;300;341f;806r;SRR8984620;Mammalia;;
D05630;I09618;SAHA1;Chong2019;Captivity;Scat;V3,V4;Illumina MiSeq;PE;300;341f;806r;SRR8984601;Mammalia;;
D05635;I09622;SAHA1;Chong2019;Captivity;Scat;V3,V4;Illumina MiSeq;PE;300;341f;806r;SRR8984603;Mammalia;;
D05641;I09624;SAHA1;Chong2019;Captivity;Scat;V3,V4;Illumina MiSeq;PE;300;341f;806r;SRR8984641;Mammalia;;
D05643;I09625;SAHA1;Chong2019;Captivity;Scat;V3,V4;Illumina MiSeq;PE;300;341f;806r;SRR8984606;Mammalia;;
D05647;I09627;SAHA1;Chong2019;Wild;Scat;V3,V4;Illumina MiSeq;PE;300;341f;806r;SRR8984625;Mammalia;;
D05648;I09630;SAHA1;Chong2019;Wild;Scat;V3,V4;Illumina MiSeq;PE;300;341f;806r;SRR8984611;Mammalia;;
D05651;I09631;SAHA1;Chong2019;Captivity;Scat;V3,V4;Illumina MiSeq;PE;300;341f;806r;SRR8984616;Mammalia;;
D05654;I09633;SAHA1;Chong2019;Wild;Scat;V3,V4;Illumina MiSeq;PE;300;341f;806r;SRR8984614;Mammalia;;
D05655;I09636;SAHA1;Chong2019;Captivity;Scat;V3,V4;Illumina MiSeq;PE;300;341f;806r;SRR8984617;Mammalia;;
D05658;I09640;SAHA1;Chong2019;Wild;Scat;V3,V4;Illumina MiSeq;PE;300;341f;806r;SRR8984621;Mammalia;;
D05659;I09641;SAHA1;Chong2019;Captivity;Scat;V3,V4;Illumina MiSeq;PE;300;341f;806r;SRR8984622;Mammalia;;
D05663;I09647;SAHA1;Chong2019;Captivity;Scat;V3,V4;Illumina MiSeq;PE;300;341f;806r;SRR8984628;Mammalia;;
D05670;I09653;SAHA1;Chong2019;Captivity;Scat;V3,V4;Illumina MiSeq;PE;300;341f;806r;SRR8984635;Mammalia;;
D05672;I09657;SAHA1;Chong2019;Wild;Scat;V3,V4;Illumina MiSeq;PE;300;341f;806r;SRR8984638;Mammalia;;
D05673;I09658;SAHA1;Chong2019;Wild;Scat;V3,V4;Illumina MiSeq;PE;300;341f;806r;SRR8984639;Mammalia;;
D05674;I09662;SAHA1;Chong2019;Wild;Scat;V3,V4;Illumina MiSeq;PE;300;341f;806r;SRR8984643;Mammalia;;
D05675;I09663;SAHA1;Chong2019;Wild;Scat;V3,V4;Illumina MiSeq;PE;300;341f;806r;SRR8984644;Mammalia;;
D05676;I09665;SAHA1;Chong2019;Wild;Scat;V3,V4;Illumina MiSeq;PE;300;341f;806r;SRR8984646;Mammalia;;
D05677;I09666;SAHA1;Chong2019;Wild;Scat;V3,V4;Illumina MiSeq;PE;300;341f;806r;SRR8984647;Mammalia;;
D05724;I10285;SHCR;Tang2020;Captivity;Scat;V3,V4;Illumina MiSeq;PE;250;341f;806r;SRR10686475;Reptilia;;
D05725;I10286;SHCR;Tang2020;Captivity;Scat;V3,V4;Illumina MiSeq;PE;250;341f;806r;SRR10686476;Reptilia;;
D05726;I10287;SHCR;Tang2020;Captivity;Scat;V3,V4;Illumina MiSeq;PE;250;341f;806r;SRR10686477;Reptilia;;
D05727;I10288;SHCR;Tang2020;Captivity;Scat;V3,V4;Illumina MiSeq;PE;250;341f;806r;SRR10686478;Reptilia;;
D05728;I10289;SHCR;Tang2020;Captivity;Scat;V3,V4;Illumina MiSeq;PE;250;341f;806r;SRR10686479;Reptilia;;
D05729;I10290;SHCR;Tang2020;Captivity;Scat;V3,V4;Illumina MiSeq;PE;250;341f;806r;SRR10686480;Reptilia;;
D05730;I10291;SHCR;Tang2020;Wild;Scat;V3,V4;Illumina MiSeq;PE;250;341f;806r;SRR10686481;Reptilia;;
D05731;I10292;SHCR;Tang2020;Captivity;Scat;V3,V4;Illumina MiSeq;PE;250;341f;806r;SRR10686482;Reptilia;;
D05732;I10293;SHCR;Tang2020;Wild;Scat;V3,V4;Illumina MiSeq;PE;250;341f;806r;SRR10686483;Reptilia;;
D05733;I10294;SHCR;Tang2020;Wild;Scat;V3,V4;Illumina MiSeq;PE;250;341f;806r;SRR10686484;Reptilia;;
D05734;I10295;SHCR;Tang2020;Wild;Scat;V3,V4;Illumina MiSeq;PE;250;341f;806r;SRR10686485;Reptilia;;
D05735;I10296;SHCR;Tang2020;Wild;Scat;V3,V4;Illumina MiSeq;PE;250;341f;806r;SRR10686486;Reptilia;;
D05736;I10297;SHCR;Tang2020;Wild;Scat;V3,V4;Illumina MiSeq;PE;250;341f;806r;SRR10686487;Reptilia;;
D05737;I10298;SHCR;Tang2020;Wild;Scat;V3,V4;Illumina MiSeq;PE;250;341f;806r;SRR10686488;Reptilia;;
D05738;I10299;SHCR;Tang2020;Wild;Scat;V3,V4;Illumina MiSeq;PE;250;341f;806r;SRR10686489;Reptilia;;
D05739;I10300;SHCR;Tang2020;Wild;Scat;V3,V4;Illumina MiSeq;PE;250;341f;806r;SRR10686490;Reptilia;;
D05740;I10301;SHCR;Tang2020;Wild;Scat;V3,V4;Illumina MiSeq;PE;250;341f;806r;SRR10686491;Reptilia;;
D05742;I10303;SHCR;Tang2020;Captivity;Scat;V3,V4;Illumina MiSeq;PE;250;341f;806r;SRR10686493;Reptilia;;
D05743;I10304;SHCR;Tang2020;Wild;Scat;V3,V4;Illumina MiSeq;PE;250;341f;806r;SRR10686494;Reptilia;;
D05745;I10306;SHCR;Tang2020;Wild;Scat;V3,V4;Illumina MiSeq;PE;250;341f;806r;SRR10686496;Reptilia;;
D05746;I10307;SHCR;Tang2020;Wild;Scat;V3,V4;Illumina MiSeq;PE;250;341f;806r;SRR10686497;Reptilia;;
D05747;I10308;SHCR;Tang2020;Wild;Scat;V3,V4;Illumina MiSeq;PE;250;341f;806r;SRR10686498;Reptilia;;
D05748;I10309;SHCR;Tang2020;Wild;Scat;V3,V4;Illumina MiSeq;PE;250;341f;806r;SRR10686499;Reptilia;;
D05750;I10311;SHCR;Tang2020;Wild;Scat;V3,V4;Illumina MiSeq;PE;250;341f;806r;SRR10686501;Reptilia;;
D05752;I10313;SHCR;Tang2020;Captivity;Scat;V3,V4;Illumina MiSeq;PE;250;341f;806r;SRR10686503;Reptilia;;
D05753;I10314;SHCR;Tang2020;Captivity;Scat;V3,V4;Illumina MiSeq;PE;250;341f;806r;SRR10686504;Reptilia;;
D05754;I10315;SHCR;Tang2020;Captivity;Scat;V3,V4;Illumina MiSeq;PE;250;341f;806r;SRR10686505;Reptilia;;
D05808;I10786;APIB;Nyholm2021;Captivity;Entire gut;V3,V4;Illumina MiSeq;PE;300;341f;806r;;Actinopterygii;;
D05809;I10787;APIB;Nyholm2021;Captivity;Entire gut;V3,V4;Illumina MiSeq;PE;300;341f;806r;;Actinopterygii;;
D05810;I10788;APIB;Nyholm2021;Captivity;Entire gut;V3,V4;Illumina MiSeq;PE;300;341f;806r;;Actinopterygii;;
D05812;I10790;APIB;Nyholm2021;Captivity;Entire gut;V3,V4;Illumina MiSeq;PE;300;341f;806r;;Actinopterygii;;
D05813;I10791;APIB;Nyholm2021;Captivity;Entire gut;V3,V4;Illumina MiSeq;PE;300;341f;806r;;Actinopterygii;;
D05814;I10792;APIB;Nyholm2021;Captivity;Entire gut;V3,V4;Illumina MiSeq;PE;300;341f;806r;;Actinopterygii;;
D05815;I10793;APIB;Nyholm2021;Captivity;Entire gut;V3,V4;Illumina MiSeq;PE;300;341f;806r;;Actinopterygii;;
D05816;I10794;APIB;Nyholm2021;Captivity;Entire gut;V3,V4;Illumina MiSeq;PE;300;341f;806r;;Actinopterygii;;
D05817;I10795;APIB;Nyholm2021;Captivity;Entire gut;V3,V4;Illumina MiSeq;PE;300;341f;806r;;Actinopterygii;;
D05818;I10796;APIB;Nyholm2021;Captivity;Entire gut;V3,V4;Illumina MiSeq;PE;300;341f;806r;;Actinopterygii;;
D05819;I10797;APIB;Nyholm2021;Captivity;Entire gut;V3,V4;Illumina MiSeq;PE;300;341f;806r;;Actinopterygii;;
D05820;I10798;APIB;Nyholm2021;Captivity;Gut content;V3,V4;Illumina MiSeq;PE;300;341f;806r;;Actinopterygii;;
D05830;I10808;APIB;Nyholm2021;Wild;Entire gut;V3,V4;Illumina MiSeq;PE;300;341f;806r;;Actinopterygii;;
D05831;I10809;APIB;Nyholm2021;Wild;Entire gut;V3,V4;Illumina MiSeq;PE;300;341f;806r;;Actinopterygii;;
D05832;I10810;APIB;Nyholm2021;Wild;Entire gut;V3,V4;Illumina MiSeq;PE;300;341f;806r;;Actinopterygii;;
D05834;I10812;APIB;Nyholm2021;Wild;Entire gut;V3,V4;Illumina MiSeq;PE;300;341f;806r;;Actinopterygii;;
D05835;I10813;APIB;Nyholm2021;Wild;Entire gut;V3,V4;Illumina MiSeq;PE;300;341f;806r;;Actinopterygii;;
D05836;I10814;APIB;Nyholm2021;Wild;Entire gut;V3,V4;Illumina MiSeq;PE;300;341f;806r;;Actinopterygii;;
D05838;I10816;APIB;Nyholm2021;Wild;Entire gut;V3,V4;Illumina MiSeq;PE;300;341f;806r;;Actinopterygii;;
D05839;I10817;APIB;Nyholm2021;Wild;Entire gut;V3,V4;Illumina MiSeq;PE;300;341f;806r;;Actinopterygii;;
D05844;I10822;APIB;Nyholm2021;Wild;Entire gut;V3,V4;Illumina MiSeq;PE;300;341f;806r;;Actinopterygii;;
D05845;I10823;APIB;Nyholm2021;Wild;Entire gut;V3,V4;Illumina MiSeq;PE;300;341f;806r;;Actinopterygii;;
D05846;I10824;APIB;Nyholm2021;Wild;Entire gut;V3,V4;Illumina MiSeq;PE;300;341f;806r;;Actinopterygii;;
D05933;I10911;VAHI;Nyholm2021;Captivity;Entire gut;V3,V4;Illumina MiSeq;PE;300;341f;806r;;Actinopterygii;;
D05934;I10912;VAHI;Nyholm2021;Captivity;Entire gut;V3,V4;Illumina MiSeq;PE;300;341f;806r;;Actinopterygii;;
D05935;I10913;VAHI;Nyholm2021;Captivity;Entire gut;V3,V4;Illumina MiSeq;PE;300;341f;806r;;Actinopterygii;;
D05940;I10918;VAHI;Nyholm2021;Captivity;Entire gut;V3,V4;Illumina MiSeq;PE;300;341f;806r;;Actinopterygii;;
D05941;I10919;VAHI;Nyholm2021;Captivity;Entire gut;V3,V4;Illumina MiSeq;PE;300;341f;806r;;Actinopterygii;;
D05942;I10920;VAHI;Nyholm2021;Captivity;Entire gut;V3,V4;Illumina MiSeq;PE;300;341f;806r;;Actinopterygii;;
D05944;I10922;VAHI;Nyholm2021;Captivity;Entire gut;V3,V4;Illumina MiSeq;PE;300;341f;806r;;Actinopterygii;;
D05945;I10923;VAHI;Nyholm2021;Captivity;Entire gut;V3,V4;Illumina MiSeq;PE;300;341f;806r;;Actinopterygii;;
D05953;I10931;VAHI;Nyholm2021;Wild;Entire gut;V3,V4;Illumina MiSeq;PE;300;341f;806r;;Actinopterygii;;
D05955;I10933;VAHI;Nyholm2021;Wild;Entire gut;V3,V4;Illumina MiSeq;PE;300;341f;806r;;Actinopterygii;;
D05957;I10935;VAHI;Nyholm2021;Wild;Entire gut;V3,V4;Illumina MiSeq;PE;300;341f;806r;;Actinopterygii;;
D05959;I10937;VAHI;Nyholm2021;Wild;Entire gut;V3,V4;Illumina MiSeq;PE;300;341f;806r;;Actinopterygii;;
D05961;I10939;VAHI;Nyholm2021;Wild;Entire gut;V3,V4;Illumina MiSeq;PE;300;341f;806r;;Actinopterygii;;
D05962;I10940;VAHI;Nyholm2021;Wild;Entire gut;V3,V4;Illumina MiSeq;PE;300;341f;806r;;Actinopterygii;;
D05963;I10941;VAHI;Nyholm2021;Wild;Entire gut;V3,V4;Illumina MiSeq;PE;300;341f;806r;;Actinopterygii;;
D05964;I10942;VAHI;Nyholm2021;Wild;Entire gut;V3,V4;Illumina MiSeq;PE;300;341f;806r;;Actinopterygii;;
D05965;I10943;VAHI;Nyholm2021;Wild;Entire gut;V3,V4;Illumina MiSeq;PE;300;341f;806r;;Actinopterygii;;
D05966;I10944;VAHI;Nyholm2021;Wild;Entire gut;V3,V4;Illumina MiSeq;PE;300;341f;806r;;Actinopterygii;;
D05967;I10945;VAHI;Nyholm2021;Wild;Entire gut;V3,V4;Illumina MiSeq;PE;300;341f;806r;;Actinopterygii;;
D05968;I10946;VAHI;Nyholm2021;Wild;Entire gut;V3,V4;Illumina MiSeq;PE;300;341f;806r;;Actinopterygii;;
D05969;I10947;VAHI;Nyholm2021;Wild;Entire gut;V3,V4;Illumina MiSeq;PE;300;341f;806r;;Actinopterygii;;
D05970;I10948;VAHI;Nyholm2021;Wild;Entire gut;V3,V4;Illumina MiSeq;PE;300;341f;806r;;Actinopterygii;;
D05971;I10949;VAHI;Nyholm2021;Wild;Entire gut;V3,V4;Illumina MiSeq;PE;300;341f;806r;;Actinopterygii;;
D05972;I10950;VAHI;Nyholm2021;Wild;Entire gut;V3,V4;Illumina MiSeq;PE;300;341f;806r;;Actinopterygii;;
D05973;I10951;VAHI;Nyholm2021;Captivity;Entire gut;V3,V4;Illumina MiSeq;PE;300;341f;806r;;Actinopterygii;;
D05974;I10952;VAHI;Nyholm2021;Captivity;Entire gut;V3,V4;Illumina MiSeq;PE;300;341f;806r;;Actinopterygii;;
D05975;I10953;VAHI;Nyholm2021;Captivity;Entire gut;V3,V4;Illumina MiSeq;PE;300;341f;806r;;Actinopterygii;;
D05976;I10954;VAHI;Nyholm2021;Captivity;Entire gut;V3,V4;Illumina MiSeq;PE;300;341f;806r;;Actinopterygii;;
D05977;I10955;VAHI;Nyholm2021;Captivity;Entire gut;V3,V4;Illumina MiSeq;PE;300;341f;806r;;Actinopterygii;;
D06942;I11426;AIME;Guo2019;Captivity;Scat;V4;Illumina MiSeq;Preprocessed (fastq);NA;515f;806r;SRR5149915;Mammalia;;
D06943;I11447;AIME;Guo2019;Captivity;Scat;V4;Illumina MiSeq;Preprocessed (fastq);NA;515f;806r;SRR5149896;Mammalia;;
D06944;I11488;AIME;Guo2019;Captivity;Scat;V4;Illumina MiSeq;Preprocessed (fastq);NA;515f;806r;SRR5149857;Mammalia;;
D06945;I11503;AIME;Guo2019;Captivity;Scat;V4;Illumina MiSeq;Preprocessed (fastq);NA;515f;806r;SRR5149841;Mammalia;;
D06946;I11504;AIME;Guo2019;Captivity;Scat;V4;Illumina MiSeq;Preprocessed (fastq);NA;515f;806r;SRR5149966;Mammalia;;
D06947;I11506;AIME;Guo2019;Captivity;Scat;V4;Illumina MiSeq;Preprocessed (fastq);NA;515f;806r;SRR5149938;Mammalia;;
D06948;I11509;AIME;Guo2019;Captivity;Scat;V4;Illumina MiSeq;Preprocessed (fastq);NA;515f;806r;SRR5149957;Mammalia;;
D06949;I11514;AIME;Guo2019;Captivity;Scat;V4;Illumina MiSeq;Preprocessed (fastq);NA;515f;806r;SRR5149865;Mammalia;;
D06950;I11518;AIME;Guo2019;Captivity;Scat;V4;Illumina MiSeq;Preprocessed (fastq);NA;515f;806r;SRR5150004;Mammalia;;
D06951;I11526;AIME;Guo2019;Wild;Scat;V4;Illumina MiSeq;Preprocessed (fastq);NA;515f;806r;SRR5149994;Mammalia;;
D06952;I11532;AIME;Guo2019;Wild;Scat;V4;Illumina MiSeq;Preprocessed (fastq);NA;515f;806r;SRR5149821;Mammalia;;
D06953;I11533;AIME;Guo2019;Wild;Scat;V4;Illumina MiSeq;Preprocessed (fastq);NA;515f;806r;SRR5149817;Mammalia;;
D06954;I11537;AIME;Guo2019;Wild;Scat;V4;Illumina MiSeq;Preprocessed (fastq);NA;515f;806r;SRR5149851;Mammalia;;
D06955;I11547;AIME;Guo2019;Wild;Scat;V4;Illumina MiSeq;Preprocessed (fastq);NA;515f;806r;SRR5149852;Mammalia;;
D06956;I11550;AIME;Guo2019;Wild;Scat;V4;Illumina MiSeq;Preprocessed (fastq);NA;515f;806r;SRR5149895;Mammalia;;
D06957;I11553;AIME;Guo2019;Wild;Scat;V4;Illumina MiSeq;Preprocessed (fastq);NA;515f;806r;SRR5149996;Mammalia;;
D06958;I11555;AIME;Guo2019;Wild;Scat;V4;Illumina MiSeq;Preprocessed (fastq);NA;515f;806r;SRR5149901;Mammalia;;
D06959;I11556;AIME;Guo2019;Wild;Scat;V4;Illumina MiSeq;Preprocessed (fastq);NA;515f;806r;SRR5149952;Mammalia;;
D06960;I11566;AIME;Guo2019;Wild;Scat;V4;Illumina MiSeq;Preprocessed (fastq);NA;515f;806r;SRR5149999;Mammalia;;
D06961;I11572;AIME;Guo2019;Wild;Scat;V4;Illumina MiSeq;Preprocessed (fastq);NA;515f;806r;SRR5149880;Mammalia;;
D06962;I11575;AIME;Guo2019;Wild;Scat;V4;Illumina MiSeq;Preprocessed (fastq);NA;515f;806r;SRR5149969;Mammalia;;
D06963;I11576;AIME;Guo2019;Wild;Scat;V4;Illumina MiSeq;Preprocessed (fastq);NA;515f;806r;SRR5149848;Mammalia;;
D06964;I11577;AIME;Guo2019;Wild;Scat;V4;Illumina MiSeq;Preprocessed (fastq);NA;515f;806r;SRR5149986;Mammalia;;
D06965;I11590;AIME;Guo2019;Wild;Scat;V4;Illumina MiSeq;Preprocessed (fastq);NA;515f;806r;SRR5149853;Mammalia;;
D06966;I11596;AIME;Guo2019;Wild;Scat;V4;Illumina MiSeq;Preprocessed (fastq);NA;515f;806r;SRR5149874;Mammalia;;
D06967;I11597;AIME;Guo2019;Wild;Scat;V4;Illumina MiSeq;Preprocessed (fastq);NA;515f;806r;SRR5149888;Mammalia;;
D06969;I11603;AIME;Guo2019;Wild;Scat;V4;Illumina MiSeq;Preprocessed (fastq);NA;515f;806r;SRR5130529;Mammalia;;
D06970;I11604;AIME;Guo2019;Wild;Scat;V4;Illumina MiSeq;Preprocessed (fastq);NA;515f;806r;SRR5130589;Mammalia;;
D06971;I11605;AIME;Guo2019;Wild;Scat;V4;Illumina MiSeq;Preprocessed (fastq);NA;515f;806r;SRR5130567;Mammalia;;
D06973;I11606;AIME;Guo2019;Wild;Scat;V4;Illumina MiSeq;Preprocessed (fastq);NA;515f;806r;SRR5130539;Mammalia;;
D06974;I11607;AIME;Guo2019;Wild;Scat;V4;Illumina MiSeq;Preprocessed (fastq);NA;515f;806r;SRR5130553;Mammalia;;
D06975;I11608;AIME;Guo2019;Wild;Scat;V4;Illumina MiSeq;Preprocessed (fastq);NA;515f;806r;SRR5130564;Mammalia;;
D06976;I11609;AIME;Guo2019;Wild;Scat;V4;Illumina MiSeq;Preprocessed (fastq);NA;515f;806r;SRR5130534;Mammalia;;
D06977;I11610;AIME;Guo2019;Wild;Scat;V4;Illumina MiSeq;Preprocessed (fastq);NA;515f;806r;SRR5130556;Mammalia;;
D06978;I11611;AIME;Guo2019;Wild;Scat;V4;Illumina MiSeq;Preprocessed (fastq);NA;515f;806r;SRR5130582;Mammalia;;
D06979;I11612;AIME;Guo2019;Wild;Scat;V4;Illumina MiSeq;Preprocessed (fastq);NA;515f;806r;SRR5130591;Mammalia;;
D06980;I11613;AIME;Guo2019;Wild;Scat;V4;Illumina MiSeq;Preprocessed (fastq);NA;515f;806r;SRR5130532;Mammalia;;
D06981;I11614;AIME;Guo2019;Wild;Scat;V4;Illumina MiSeq;Preprocessed (fastq);NA;515f;806r;SRR5130547;Mammalia;;
D06982;I11615;AIME;Guo2019;Wild;Scat;V4;Illumina MiSeq;Preprocessed (fastq);NA;515f;806r;SRR5130571;Mammalia;;
D06987;I11636;AIME;Guo2019;Captivity;Scat;V4;Illumina MiSeq;Preprocessed (fastq);NA;515f;806r;SRR5149869;Mammalia;;
D06988;I11643;AIME;Guo2019;Captivity;Scat;V4;Illumina MiSeq;Preprocessed (fastq);NA;515f;806r;SRR5149934;Mammalia;;
D06989;I11644;AIME;Guo2019;Captivity;Scat;V4;Illumina MiSeq;Preprocessed (fastq);NA;515f;806r;SRR5149941;Mammalia;;
D06990;I11651;AIME;Guo2019;Captivity;Scat;V4;Illumina MiSeq;Preprocessed (fastq);NA;515f;806r;SRR5149892;Mammalia;;
D06991;I11652;AIME;Guo2019;Captivity;Scat;V4;Illumina MiSeq;Preprocessed (fastq);NA;515f;806r;SRR5149891;Mammalia;;
D06992;I11443;AIME;Guo2019;Captivity;Scat;V4;Illumina MiSeq;Preprocessed (fastq);NA;515f;806r;SRR5149930;Mammalia;;
D06993;I11461;AIME;Guo2019;Captivity;Scat;V4;Illumina MiSeq;Preprocessed (fastq);NA;515f;806r;SRR5149908;Mammalia;;
D06994;I11478;AIME;Guo2019;Captivity;Scat;V4;Illumina MiSeq;Preprocessed (fastq);NA;515f;806r;SRR5149855;Mammalia;;
D06995;I11479;AIME;Guo2019;Captivity;Scat;V4;Illumina MiSeq;Preprocessed (fastq);NA;515f;806r;SRR5149917;Mammalia;;
D06996;I11480;AIME;Guo2019;Captivity;Scat;V4;Illumina MiSeq;Preprocessed (fastq);NA;515f;806r;SRR5149881;Mammalia;;
D06997;I11486;AIME;Guo2019;Captivity;Scat;V4;Illumina MiSeq;Preprocessed (fastq);NA;515f;806r;SRR5149964;Mammalia;;
D06999;I11508;AIME;Guo2019;Captivity;Scat;V4;Illumina MiSeq;Preprocessed (fastq);NA;515f;806r;SRR5149826;Mammalia;;
D07000;I11512;AIME;Guo2019;Captivity;Scat;V4;Illumina MiSeq;Preprocessed (fastq);NA;515f;806r;SRR5149977;Mammalia;;
D07001;I11513;AIME;Guo2019;Captivity;Scat;V4;Illumina MiSeq;Preprocessed (fastq);NA;515f;806r;SRR5149991;Mammalia;;
D07002;I11515;AIME;Guo2019;Captivity;Scat;V4;Illumina MiSeq;Preprocessed (fastq);NA;515f;806r;SRR5149830;Mammalia;;
D07003;I11522;AIME;Guo2019;Captivity;Scat;V4;Illumina MiSeq;Preprocessed (fastq);NA;515f;806r;SRR5150005;Mammalia;;
D07028;I11638;AIME;Guo2019;Captivity;Scat;V4;Illumina MiSeq;Preprocessed (fastq);NA;515f;806r;SRR5149967;Mammalia;;
D07029;I11639;AIME;Guo2019;Captivity;Scat;V4;Illumina MiSeq;Preprocessed (fastq);NA;515f;806r;SRR5149956;Mammalia;;
D07030;I11640;AIME;Guo2019;Captivity;Scat;V4;Illumina MiSeq;Preprocessed (fastq);NA;515f;806r;SRR5149914;Mammalia;;
D07031;I11641;AIME;Guo2019;Captivity;Scat;V4;Illumina MiSeq;Preprocessed (fastq);NA;515f;806r;SRR5149893;Mammalia;;
D07032;I11645;AIME;Guo2019;Captivity;Scat;V4;Illumina MiSeq;Preprocessed (fastq);NA;515f;806r;SRR5150000;Mammalia;;
D07033;I11647;AIME;Guo2019;Captivity;Scat;V4;Illumina MiSeq;Preprocessed (fastq);NA;515f;806r;SRR5149900;Mammalia;;
D07441;I12748;PATI;Ning2020;Wild;Scat;V3,V4;Illumina MiSeq;PE;300;323f;826r;SRS5513553;Mammalia;;
D07442;I12749;PATI;Ning2020;Wild;Scat;V3,V4;Illumina MiSeq;PE;300;323f;826r;SRS5513563;Mammalia;;
D07443;I12750;PATI;Ning2020;Wild;Scat;V3,V4;Illumina MiSeq;PE;300;323f;826r;SRS5513564;Mammalia;;
D07444;I12751;PATI;Ning2020;Wild;Scat;V3,V4;Illumina MiSeq;PE;300;323f;826r;SRS5513565;Mammalia;;
D07445;I12752;PATI;Ning2020;Wild;Scat;V3,V4;Illumina MiSeq;PE;300;323f;826r;SRS5513566;Mammalia;;
D07446;I12753;PATI;Ning2020;Wild;Scat;V3,V4;Illumina MiSeq;PE;300;323f;826r;SRS5513567;Mammalia;;
D07447;I12754;PATI;Ning2020;Wild;Scat;V3,V4;Illumina MiSeq;PE;300;323f;826r;SRS5513568;Mammalia;;
D07448;I12755;PATI;Ning2020;Wild;Scat;V3,V4;Illumina MiSeq;PE;300;323f;826r;SRS5513569;Mammalia;;
D07449;I12756;PATI;Ning2020;Wild;Scat;V3,V4;Illumina MiSeq;PE;300;323f;826r;SRS5513570;Mammalia;;
D07450;I12757;PATI;Ning2020;Wild;Scat;V3,V4;Illumina MiSeq;PE;300;323f;826r;SRS5513572;Mammalia;;
D07451;I12758;PATI;Ning2020;Wild;Scat;V3,V4;Illumina MiSeq;PE;300;323f;826r;SRS5513573;Mammalia;;
D07452;I12759;PATI;Ning2020;Wild;Scat;V3,V4;Illumina MiSeq;PE;300;323f;826r;SRS5513554;Mammalia;;
D07453;I12760;PATI;Ning2020;Wild;Scat;V3,V4;Illumina MiSeq;PE;300;323f;826r;SRS5513574;Mammalia;;
D07463;I12770;PATI;Ning2020;Captivity;Scat;V3,V4;Illumina MiSeq;PE;300;323f;826r;SRS5513583;Mammalia;;
D07464;I12771;PATI;Ning2020;Captivity;Scat;V3,V4;Illumina MiSeq;PE;300;323f;826r;SRS5513582;Mammalia;;
D07465;I12772;PATI;Ning2020;Captivity;Scat;V3,V4;Illumina MiSeq;PE;300;323f;826r;SRS5513585;Mammalia;;
D07466;I12773;PATI;Ning2020;Captivity;Scat;V3,V4;Illumina MiSeq;PE;300;323f;826r;SRS5513586;Mammalia;;
D07467;I12774;PATI;Ning2020;Captivity;Scat;V3,V4;Illumina MiSeq;PE;300;323f;826r;SRS5513587;Mammalia;;
D07468;I12775;PATI;Ning2020;Captivity;Scat;V3,V4;Illumina MiSeq;PE;300;323f;826r;SRS5513584;Mammalia;;
D07469;I12776;PATI;Ning2020;Captivity;Scat;V3,V4;Illumina MiSeq;PE;300;323f;826r;SRS5513560;Mammalia;;
D07470;I12777;PATI;Ning2020;Captivity;Scat;V3,V4;Illumina MiSeq;PE;300;323f;826r;SRS5513571;Mammalia;;
D07471;I12778;PATI;Ning2020;Captivity;Scat;V3,V4;Illumina MiSeq;PE;300;323f;826r;SRS5513577;Mammalia;;
D07472;I12779;PATI;Ning2020;Captivity;Scat;V3,V4;Illumina MiSeq;PE;300;323f;826r;SRS5513578;Mammalia;;
D07473;I12780;PATI;Ning2020;Captivity;Scat;V3,V4;Illumina MiSeq;PE;300;323f;826r;SRS5513579;Mammalia;;
D07474;I12781;PATI;Ning2020;Captivity;Scat;V3,V4;Illumina MiSeq;PE;300;323f;826r;SRS5513580;Mammalia;;
D07475;I12782;PATI;Ning2020;Captivity;Scat;V3,V4;Illumina MiSeq;PE;300;323f;826r;SRS5513581;Mammalia;;
D07526;I12784;MOCH;Sun2020b;Captivity;Scat;V3,V4;Illumina HiSeq;Preprocessed (fastq);250;341f;806r;SRR6489597;Mammalia;;
D07527;I12785;MOCH;Sun2020b;Captivity;Scat;V3,V4;Illumina HiSeq;Preprocessed (fastq);250;341f;806r;SRR6489575;Mammalia;;
D07528;I12786;MOCH;Sun2020b;Captivity;Scat;V3,V4;Illumina HiSeq;Preprocessed (fastq);250;341f;806r;SRR6489576;Mammalia;;
D07529;I12787;MOCH;Sun2020b;Captivity;Scat;V3,V4;Illumina HiSeq;Preprocessed (fastq);250;341f;806r;SRR6489577;Mammalia;;
D07530;I12788;MOCH;Sun2020b;Captivity;Scat;V3,V4;Illumina HiSeq;Preprocessed (fastq);250;341f;806r;SRR6489578;Mammalia;;
D07531;I12789;MOCH;Sun2020b;Captivity;Scat;V3,V4;Illumina HiSeq;Preprocessed (fastq);250;341f;806r;SRR6489599;Mammalia;;
D07532;I12790;MOCH;Sun2020b;Captivity;Scat;V3,V4;Illumina HiSeq;Preprocessed (fastq);250;341f;806r;SRR6489600;Mammalia;;
D07533;I12791;MOCH;Sun2020b;Captivity;Scat;V3,V4;Illumina HiSeq;Preprocessed (fastq);250;341f;806r;SRR6489601;Mammalia;;
D07534;I12792;MOCH;Sun2020b;Captivity;Scat;V3,V4;Illumina HiSeq;Preprocessed (fastq);250;341f;806r;SRR6489602;Mammalia;;
D07535;I12793;MOCH;Sun2020b;Captivity;Scat;V3,V4;Illumina HiSeq;Preprocessed (fastq);250;341f;806r;SRR6489603;Mammalia;;
D07536;I12794;MOCH;Sun2020b;Captivity;Scat;V3,V4;Illumina HiSeq;Preprocessed (fastq);250;341f;806r;SRR6489604;Mammalia;;
D07537;I12795;MOCH;Sun2020b;Captivity;Scat;V3,V4;Illumina HiSeq;Preprocessed (fastq);250;341f;806r;SRR6489605;Mammalia;;
D07538;I12796;MOCH;Sun2020b;Captivity;Scat;V3,V4;Illumina HiSeq;Preprocessed (fastq);250;341f;806r;SRR6489596;Mammalia;;
D07539;I12797;MOCH;Sun2020b;Wild;Scat;V3,V4;Illumina HiSeq;Preprocessed (fastq);250;341f;806r;SRR6489571;Mammalia;;
D07540;I12798;MOCH;Sun2020b;Wild;Scat;V3,V4;Illumina HiSeq;Preprocessed (fastq);250;341f;806r;SRR6489587;Mammalia;;
D07541;I12799;MOCH;Sun2020b;Wild;Scat;V3,V4;Illumina HiSeq;Preprocessed (fastq);250;341f;806r;SRR6489590;Mammalia;;
D07542;I12800;MOCH;Sun2020b;Wild;Scat;V3,V4;Illumina HiSeq;Preprocessed (fastq);250;341f;806r;SRR6489589;Mammalia;;
D07543;I12801;MOCH;Sun2020b;Wild;Scat;V3,V4;Illumina HiSeq;Preprocessed (fastq);250;341f;806r;SRR6489592;Mammalia;;
D07544;I12802;MOCH;Sun2020b;Wild;Scat;V3,V4;Illumina HiSeq;Preprocessed (fastq);250;341f;806r;SRR6489591;Mammalia;;
D07545;I12803;MOCH;Sun2020b;Wild;Scat;V3,V4;Illumina HiSeq;Preprocessed (fastq);250;341f;806r;SRR6489583;Mammalia;;
D07546;I12804;MOCH;Sun2020b;Wild;Scat;V3,V4;Illumina HiSeq;Preprocessed (fastq);250;341f;806r;SRR6489582;Mammalia;;
D07547;I12805;MOCH;Sun2020b;Wild;Scat;V3,V4;Illumina HiSeq;Preprocessed (fastq);250;341f;806r;SRR6489579;Mammalia;;
D07548;I12806;MOCH;Sun2020b;Wild;Scat;V3,V4;Illumina HiSeq;Preprocessed (fastq);250;341f;806r;SRR6489584;Mammalia;;
D07549;I12807;MOCH;Sun2020b;Wild;Scat;V3,V4;Illumina HiSeq;Preprocessed (fastq);250;341f;806r;SRR6489580;Mammalia;;
D07550;I12808;MOCH;Sun2020b;Wild;Scat;V3,V4;Illumina HiSeq;Preprocessed (fastq);250;341f;806r;SRR6489572;Mammalia;;
D07551;I12809;MOCH;Sun2020b;Wild;Scat;V3,V4;Illumina HiSeq;Preprocessed (fastq);250;341f;806r;SRR6489581;Mammalia;;
D07552;I12810;MOCH;Sun2020b;Wild;Scat;V3,V4;Illumina HiSeq;Preprocessed (fastq);250;341f;806r;SRR6489593;Mammalia;;
D08036;I12378;EQKI;Gao2018;Wild;Scat;V4,V5;Ion S5TM XL;SR (Forward);400;515f;;SRR9959695;Mammalia;;
D08037;I12379;EQKI;Gao2018;Wild;Scat;V4,V5;Ion S5TM XL;SR (Forward);400;515f;;SRR9959696;Mammalia;;
D08038;I12380;EQKI;Gao2018;Wild;Scat;V4,V5;Ion S5TM XL;SR (Forward);400;515f;;SRR9959681;Mammalia;;
D08039;I12381;EQKI;Gao2018;Wild;Scat;V4,V5;Ion S5TM XL;SR (Forward);400;515f;;SRR9959680;Mammalia;;
D08040;I12382;EQKI;Gao2018;Wild;Scat;V4,V5;Ion S5TM XL;SR (Forward);400;515f;;SRR9959679;Mammalia;;
D08041;I12383;EQKI;Gao2018;Wild;Scat;V4,V5;Ion S5TM XL;SR (Forward);400;515f;;SRR9959678;Mammalia;;
D08042;I12384;EQKI;Gao2018;Wild;Scat;V4,V5;Ion S5TM XL;SR (Forward);400;515f;;SRR9959685;Mammalia;;
D08043;I12385;EQKI;Gao2018;Wild;Scat;V4,V5;Ion S5TM XL;SR (Forward);400;515f;;SRR9959692;Mammalia;;
D08044;I12386;EQKI;Gao2018;Wild;Scat;V4,V5;Ion S5TM XL;SR (Forward);400;515f;;SRR9959684;Mammalia;;
D08045;I12387;EQKI;Gao2018;Wild;Scat;V4,V5;Ion S5TM XL;SR (Forward);400;515f;;SRR9959683;Mammalia;;
D08046;I12388;EQKI;Gao2018;Wild;Scat;V4,V5;Ion S5TM XL;SR (Forward);400;515f;;SRR9959682;Mammalia;;
D08047;I12389;EQKI;Gao2018;Wild;Scat;V4,V5;Ion S5TM XL;SR (Forward);400;515f;;SRR9959677;Mammalia;;
D08048;I12390;EQKI;Gao2018;Wild;Scat;V4,V5;Ion S5TM XL;SR (Forward);400;515f;;SRR9959676;Mammalia;;
D08049;I12391;EQKI;Gao2018;Wild;Scat;V4,V5;Ion S5TM XL;SR (Forward);400;515f;;SRR9959740;Mammalia;;
D08053;I12395;EQKI;Gao2018;Captivity;Scat;V4,V5;Ion S5TM XL;SR (Forward);400;515f;;SRR9959626;Mammalia;;
D08054;I12396;EQKI;Gao2018;Captivity;Scat;V4,V5;Ion S5TM XL;SR (Forward);400;515f;;SRR9959625;Mammalia;;
D08056;I12398;EQKI;Gao2018;Captivity;Scat;V4,V5;Ion S5TM XL;SR (Forward);400;515f;;SRR9959627;Mammalia;;
D08058;I12400;EQKI;Gao2018;Captivity;Scat;V4,V5;Ion S5TM XL;SR (Forward);400;515f;;SRR9959621;Mammalia;;
D08060;I12402;EQKI;Gao2018;Captivity;Scat;V4,V5;Ion S5TM XL;SR (Forward);400;515f;;SRR9959623;Mammalia;;
D08061;I12403;EQKI;Gao2018;Captivity;Scat;V4,V5;Ion S5TM XL;SR (Forward);400;515f;;SRR9959630;Mammalia;;
D08066;I12408;EQKI;Gao2018;Captivity;Scat;V4,V5;Ion S5TM XL;SR (Forward);400;515f;;SRR9959605;Mammalia;;
D08067;I12409;EQKI;Gao2018;Captivity;Scat;V4,V5;Ion S5TM XL;SR (Forward);400;515f;;SRR9959604;Mammalia;;
D08068;I12410;EQKI;Gao2018;Captivity;Scat;V4,V5;Ion S5TM XL;SR (Forward);400;515f;;SRR9959603;Mammalia;;
D08069;I12411;EQKI;Gao2018;Captivity;Scat;V4,V5;Ion S5TM XL;SR (Forward);400;515f;;SRR9959602;Mammalia;;
D08072;I12414;EQKI;Gao2018;Captivity;Scat;V4,V5;Ion S5TM XL;SR (Forward);400;515f;;SRR9959609;Mammalia;;
D08076;I12418;EQKI;Gao2018;Wild;Scat;V4,V5;Ion S5TM XL;SR (Forward);400;515f;;SRR9959743;Mammalia;;
D08077;I12419;EQKI;Gao2018;Wild;Scat;V4,V5;Ion S5TM XL;SR (Forward);400;515f;;SRR9959599;Mammalia;;
D08078;I12420;EQKI;Gao2018;Wild;Scat;V4,V5;Ion S5TM XL;SR (Forward);400;515f;;SRR9959738;Mammalia;;
D08079;I12421;EQKI;Gao2018;Wild;Scat;V4,V5;Ion S5TM XL;SR (Forward);400;515f;;SRR9959600;Mammalia;;
D08131;I12397;EQKI;Gao2018;Captivity;Scat;V4,V5;Ion S5TM XL;SR (Forward);400;515f;;SRR9959698;Mammalia;;
D08133;I12399;EQKI;Gao2018;Captivity;Scat;V4,V5;Ion S5TM XL;SR (Forward);400;515f;;SRR9959675;Mammalia;;
D08135;I12401;EQKI;Gao2018;Captivity;Scat;V4,V5;Ion S5TM XL;SR (Forward);400;515f;;SRR9959708;Mammalia;;
D08138;I12404;EQKI;Gao2018;Captivity;Scat;V4,V5;Ion S5TM XL;SR (Forward);400;515f;;SRR9959620;Mammalia;;
D08139;I12405;EQKI;Gao2018;Captivity;Scat;V4,V5;Ion S5TM XL;SR (Forward);400;515f;;SRR9959619;Mammalia;;
D08140;I12406;EQKI;Gao2018;Captivity;Scat;V4,V5;Ion S5TM XL;SR (Forward);400;515f;;SRR9959618;Mammalia;;
D08141;I12407;EQKI;Gao2018;Captivity;Scat;V4,V5;Ion S5TM XL;SR (Forward);400;515f;;SRR9959617;Mammalia;;
D08146;I12412;EQKI;Gao2018;Captivity;Scat;V4,V5;Ion S5TM XL;SR (Forward);400;515f;;SRR9959612;Mammalia;;
D08147;I12413;EQKI;Gao2018;Captivity;Scat;V4,V5;Ion S5TM XL;SR (Forward);400;515f;;SRR9959611;Mammalia;;
D08149;I12415;EQKI;Gao2018;Captivity;Scat;V4,V5;Ion S5TM XL;SR (Forward);400;515f;;SRR9959643;Mammalia;;
D08180;I12483;CENI;Guan2017;Captivity;Scat;V3,V4;Illumina HiSeq;PE;250;515f;785r2;SRR5586349;Mammalia;;
D08181;I12474;CENI;Guan2017;Captivity;Scat;V3,V4;Illumina HiSeq;PE;250;515f;785r2;SRR5586360;Mammalia;;
D08182;I12484;CENI;Guan2017;Captivity;Scat;V3,V4;Illumina HiSeq;PE;250;515f;785r2;SRR5586359;Mammalia;;
D08183;I12485;CENI;Guan2017;Captivity;Scat;V3,V4;Illumina HiSeq;PE;250;515f;785r2;SRR5586365;Mammalia;;
D08184;I12486;CENI;Guan2017;Captivity;Scat;V3,V4;Illumina HiSeq;PE;250;515f;785r2;SRR5586348;Mammalia;;
D08185;I12487;CENI;Guan2017;Captivity;Scat;V3,V4;Illumina HiSeq;PE;250;515f;785r2;SRR5586347;Mammalia;;
D08186;I12488;CENI;Guan2017;Captivity;Scat;V3,V4;Illumina HiSeq;PE;250;515f;785r2;SRR5586362;Mammalia;;
D08187;I12489;CENI;Guan2017;Captivity;Scat;V3,V4;Illumina HiSeq;PE;250;515f;785r2;SRR5586361;Mammalia;;
D08188;I12490;CENI;Guan2017;Captivity;Scat;V3,V4;Illumina HiSeq;PE;250;515f;785r2;SRR5586364;Mammalia;;
D08189;I12491;CENI;Guan2017;Captivity;Scat;V3,V4;Illumina HiSeq;PE;250;515f;785r2;SRR5586363;Mammalia;;
D08190;I12492;CENI;Guan2017;Captivity;Scat;V3,V4;Illumina HiSeq;PE;250;515f;785r2;SRR5586358;Mammalia;;
D08191;I12493;CENI;Guan2017;Captivity;Scat;V3,V4;Illumina HiSeq;PE;250;515f;785r2;SRR5586357;Mammalia;;
D08192;I12494;CENI;Guan2017;Wild;Scat;V3,V4;Illumina HiSeq;PE;250;515f;785r2;SRR5586356;Mammalia;;
D08193;I12495;CENI;Guan2017;Wild;Scat;V3,V4;Illumina HiSeq;PE;250;515f;785r2;SRR5586355;Mammalia;;
D08194;I12496;CENI;Guan2017;Wild;Scat;V3,V4;Illumina HiSeq;PE;250;515f;785r2;SRR5586354;Mammalia;;
D08195;I12497;CENI;Guan2017;Wild;Scat;V3,V4;Illumina HiSeq;PE;250;515f;785r2;SRR5586353;Mammalia;;
D08196;I12498;CENI;Guan2017;Wild;Scat;V3,V4;Illumina HiSeq;PE;250;515f;785r2;SRR5586352;Mammalia;;
D08197;I12499;CENI;Guan2017;Wild;Scat;V3,V4;Illumina HiSeq;PE;250;515f;785r2;SRR5586351;Mammalia;;
D08198;I12500;CENI;Guan2017;Wild;Scat;V3,V4;Illumina HiSeq;PE;250;515f;785r2;SRR5586350;Mammalia;;
D08495;I13156;RHBR;Hale2019;Wild;Scat;V4;Illumina MiSeq;SR (Forward);100;515f;;ERR1513248;Mammalia;;
D08497;I13157;RHBR;Hale2019;Wild;Scat;V4;Illumina MiSeq;SR (Forward);100;515f;;ERR1513250;Mammalia;;
D08498;I13157;RHBR;Hale2019;Wild;Scat;V4;Illumina MiSeq;SR (Forward);100;515f;;ERR1513251;Mammalia;;
D08499;I13158;RHBR;Hale2019;Wild;Scat;V4;Illumina MiSeq;SR (Forward);100;515f;;ERR1513252;Mammalia;;
D08500;I13158;RHBR;Hale2019;Wild;Scat;V4;Illumina MiSeq;SR (Forward);100;515f;;ERR1513253;Mammalia;;
D08501;I13159;RHBR;Hale2019;Wild;Scat;V4;Illumina MiSeq;SR (Forward);100;515f;;ERR1513254;Mammalia;;
D08502;I13159;RHBR;Hale2019;Wild;Scat;V4;Illumina MiSeq;SR (Forward);100;515f;;ERR1513255;Mammalia;;
D08503;I13160;RHBR;Hale2019;Wild;Scat;V4;Illumina MiSeq;SR (Forward);100;515f;;ERR1513256;Mammalia;;
D08504;I13160;RHBR;Hale2019;Wild;Scat;V4;Illumina MiSeq;SR (Forward);100;515f;;ERR1513257;Mammalia;;
D08512;I13164;RHBR;Hale2019;Captivity;Scat;V4;Illumina MiSeq;SR (Forward);100;515f;;ERR1513265;Mammalia;;
D08513;I13165;RHBR;Hale2019;Captivity;Scat;V4;Illumina MiSeq;SR (Forward);100;515f;;ERR1513266;Mammalia;;
D08518;I13167;RHBR;Hale2019;Captivity;Scat;V4;Illumina MiSeq;SR (Forward);100;515f;;ERR1513271;Mammalia;;
D08522;I13169;RHBR;Hale2019;Captivity;Scat;V4;Illumina MiSeq;SR (Forward);100;515f;;ERR1513275;Mammalia;;
D08523;I13170;RHBR;Hale2019;Captivity;Scat;V4;Illumina MiSeq;SR (Forward);100;515f;;ERR1513276;Mammalia;;
D08525;I13171;RHBR;Hale2019;Captivity;Scat;V4;Illumina MiSeq;SR (Forward);100;515f;;ERR1513278;Mammalia;;
D08526;I13171;RHBR;Hale2019;Captivity;Scat;V4;Illumina MiSeq;SR (Forward);100;515f;;ERR1513279;Mammalia;;
D08532;I13174;RHBR;Hale2019;Captivity;Scat;V4;Illumina MiSeq;SR (Forward);100;515f;;ERR1513285;Mammalia;;
D08533;I13175;RHBR;Hale2019;Captivity;Scat;V4;Illumina MiSeq;SR (Forward);100;515f;;ERR1513286;Mammalia;;
D08536;I13176;RHBR;Hale2019;Captivity;Scat;V4;Illumina MiSeq;SR (Forward);100;515f;;ERR1513289;Mammalia;;
D11574;I13460;GOGO;Narat2020;Captivity;Scat;V3,V4;Illumina MiSeq;PE;270;341f;785r;SRR12762751;Mammalia;;
D11575;I13461;GOGO;Narat2020;Captivity;Scat;V3,V4;Illumina MiSeq;PE;270;341f;785r;SRR12762752;Mammalia;;
D11576;I13462;GOGO;Narat2020;Captivity;Scat;V3,V4;Illumina MiSeq;PE;270;341f;785r;SRR12762755;Mammalia;;
D11577;I13463;GOGO;Narat2020;Captivity;Scat;V3,V4;Illumina MiSeq;PE;270;341f;785r;SRR12762756;Mammalia;;
D11580;I13466;GOGO;Narat2020;Captivity;Scat;V3,V4;Illumina MiSeq;PE;270;341f;785r;SRR12762760;Mammalia;;
D11581;I13467;GOGO;Narat2020;Captivity;Scat;V3,V4;Illumina MiSeq;PE;270;341f;785r;SRR12762763;Mammalia;;
D11586;I13472;GOGO;Narat2020;Wild;Scat;V3,V4;Illumina MiSeq;PE;270;341f;785r;SRR12762745;Mammalia;;
D11587;I13473;GOGO;Narat2020;Wild;Scat;V3,V4;Illumina MiSeq;PE;270;341f;785r;SRR12762746;Mammalia;;
D11588;I13474;GOGO;Narat2020;Wild;Scat;V3,V4;Illumina MiSeq;PE;270;341f;785r;SRR12762748;Mammalia;;
D11589;I13475;GOGO;Narat2020;Wild;Scat;V3,V4;Illumina MiSeq;PE;270;341f;785r;SRR12762749;Mammalia;;
D11590;I13476;GOGO;Narat2020;Wild;Scat;V3,V4;Illumina MiSeq;PE;270;341f;785r;SRR12762753;Mammalia;;
D11591;I13477;GOGO;Narat2020;Wild;Scat;V3,V4;Illumina MiSeq;PE;270;341f;785r;SRR12762754;Mammalia;;
D11592;I13478;PATR;Narat2020;Wild;Scat;V3,V4;Illumina MiSeq;PE;270;341f;785r;SRR12762738;Mammalia;;
D11593;I13479;PATR;Narat2020;Wild;Scat;V3,V4;Illumina MiSeq;PE;270;341f;785r;SRR12762743;Mammalia;;
D11594;I13480;PATR;Narat2020;Wild;Scat;V3,V4;Illumina MiSeq;PE;270;341f;785r;SRR12762757;Mammalia;;
D11595;I13481;PATR;Narat2020;Wild;Scat;V3,V4;Illumina MiSeq;PE;270;341f;785r;SRR12762761;Mammalia;;
D11597;I13483;PATR;Narat2020;Wild;Scat;V3,V4;Illumina MiSeq;PE;270;341f;785r;SRR12762764;Mammalia;;
D11598;I13484;PATR;Narat2020;Captivity;Scat;V3,V4;Illumina MiSeq;PE;270;341f;785r;SRR12762739;Mammalia;;
D11599;I13485;PATR;Narat2020;Captivity;Scat;V3,V4;Illumina MiSeq;PE;270;341f;785r;SRR12762741;Mammalia;;
D11600;I13486;PATR;Narat2020;Captivity;Scat;V3,V4;Illumina MiSeq;PE;270;341f;785r;SRR12762742;Mammalia;;
D11601;I13487;PATR;Narat2020;Captivity;Scat;V3,V4;Illumina MiSeq;PE;270;341f;785r;SRR12762744;Mammalia;;
D11602;I13488;PATR;Narat2020;Captivity;Scat;V3,V4;Illumina MiSeq;PE;270;341f;785r;SRR12762747;Mammalia;;
D11603;I13489;PATR;Narat2020;Captivity;Scat;V3,V4;Illumina MiSeq;PE;270;341f;785r;SRR12762750;Mammalia;;
D12343;I14106;BOGA;Prabhu2020;Captivity;Scat;V3,V4;Illumina HiSeq;PE;250;341f;805r;SRR10693642;Mammalia;;
D12344;I14107;BOGA;Prabhu2020;Captivity;Scat;V3,V4;Illumina HiSeq;PE;250;341f;805r;SRR10693641;Mammalia;;
D12345;I14108;BOGA;Prabhu2020;Captivity;Scat;V3,V4;Illumina HiSeq;PE;250;341f;805r;SRR10693630;Mammalia;;
D12346;I14109;BOGA;Prabhu2020;Captivity;Scat;V3,V4;Illumina HiSeq;PE;250;341f;805r;SRR10693619;Mammalia;;
D12347;I14110;BOGA;Prabhu2020;Captivity;Scat;V3,V4;Illumina HiSeq;PE;250;341f;805r;SRR10693618;Mammalia;;
D12348;I14111;BOGA;Prabhu2020;Captivity;Scat;V3,V4;Illumina HiSeq;PE;250;341f;805r;SRR10693617;Mammalia;;
D12349;I14112;BOGA;Prabhu2020;Captivity;Scat;V3,V4;Illumina HiSeq;PE;250;341f;805r;SRR10693616;Mammalia;;
D12350;I14113;BOGA;Prabhu2020;Captivity;Scat;V3,V4;Illumina HiSeq;PE;250;341f;805r;SRR10693615;Mammalia;;
D12351;I14114;BOGA;Prabhu2020;Captivity;Scat;V3,V4;Illumina HiSeq;PE;250;341f;805r;SRR10693614;Mammalia;;
D12352;I14115;BOGA;Prabhu2020;Captivity;Scat;V3,V4;Illumina HiSeq;PE;250;341f;805r;SRR10693613;Mammalia;;
D12364;I14127;BOGA;Prabhu2020;Wild;Scat;V3,V4;Illumina HiSeq;PE;250;341f;805r;SRR10693639;Mammalia;;
D12365;I14128;BOGA;Prabhu2020;Wild;Scat;V3,V4;Illumina HiSeq;PE;250;341f;805r;SRR10693638;Mammalia;;
D12366;I14129;BOGA;Prabhu2020;Wild;Scat;V3,V4;Illumina HiSeq;PE;250;341f;805r;SRR10693637;Mammalia;;
D12367;I14130;BOGA;Prabhu2020;Wild;Scat;V3,V4;Illumina HiSeq;PE;250;341f;805r;SRR10693636;Mammalia;;
D12368;I14131;BOGA;Prabhu2020;Wild;Scat;V3,V4;Illumina HiSeq;PE;250;341f;805r;SRR10693635;Mammalia;;
D12369;I14132;BOGA;Prabhu2020;Wild;Scat;V3,V4;Illumina HiSeq;PE;250;341f;805r;SRR10693634;Mammalia;;
D12370;I14133;BOGA;Prabhu2020;Wild;Scat;V3,V4;Illumina HiSeq;PE;250;341f;805r;SRR10693633;Mammalia;;
D12371;I14134;BOGA;Prabhu2020;Wild;Scat;V3,V4;Illumina HiSeq;PE;250;341f;805r;SRR10693632;Mammalia;;
D12372;I14135;BOGA;Prabhu2020;Wild;Scat;V3,V4;Illumina HiSeq;PE;250;341f;805r;SRR10693631;Mammalia;;
D12373;I14026;PAAN;Tsukayama2018;Captivity;Scat;V4;Illumina MiSeq;PE;250;515f;806r;SRR3458159;Mammalia;;
D12374;I14027;PAAN;Tsukayama2018;Captivity;Scat;V4;Illumina MiSeq;PE;250;515f;806r;SRR3458158;Mammalia;;
D12375;I14028;PAAN;Tsukayama2018;Captivity;Scat;V4;Illumina MiSeq;PE;250;515f;806r;SRR3458157;Mammalia;;
D12376;I14029;PAAN;Tsukayama2018;Captivity;Scat;V4;Illumina MiSeq;PE;250;515f;806r;SRR3458156;Mammalia;;
D12377;I14030;PAAN;Tsukayama2018;Captivity;Scat;V4;Illumina MiSeq;PE;250;515f;806r;SRR3458155;Mammalia;;
D12378;I14031;PAAN;Tsukayama2018;Captivity;Scat;V4;Illumina MiSeq;PE;250;515f;806r;SRR3458154;Mammalia;;
D12379;I14032;PAAN;Tsukayama2018;Captivity;Scat;V4;Illumina MiSeq;PE;250;515f;806r;SRR3458153;Mammalia;;
D12380;I14033;PAAN;Tsukayama2018;Captivity;Scat;V4;Illumina MiSeq;PE;250;515f;806r;SRR3458152;Mammalia;;
D12381;I14034;PAAN;Tsukayama2018;Captivity;Scat;V4;Illumina MiSeq;PE;250;515f;806r;SRR3458151;Mammalia;;
D12382;I14035;PAAN;Tsukayama2018;Wild;Scat;V4;Illumina MiSeq;PE;250;515f;806r;SRR3458150;Mammalia;;
D12383;I14036;PAAN;Tsukayama2018;Wild;Scat;V4;Illumina MiSeq;PE;250;515f;806r;SRR3458148;Mammalia;;
D12384;I14037;PAAN;Tsukayama2018;Wild;Scat;V4;Illumina MiSeq;PE;250;515f;806r;SRR3458147;Mammalia;;
D12385;I14038;PAAN;Tsukayama2018;Wild;Scat;V4;Illumina MiSeq;PE;250;515f;806r;SRR3458144;Mammalia;;
D12386;I14039;PAAN;Tsukayama2018;Wild;Scat;V4;Illumina MiSeq;PE;250;515f;806r;SRR3458143;Mammalia;;
D12387;I14040;PAAN;Tsukayama2018;Wild;Scat;V4;Illumina MiSeq;PE;250;515f;806r;SRR3458142;Mammalia;;
D12388;I14041;PAAN;Tsukayama2018;Wild;Scat;V4;Illumina MiSeq;PE;250;515f;806r;SRR3458141;Mammalia;;
D12389;I14042;PAAN;Tsukayama2018;Wild;Scat;V4;Illumina MiSeq;PE;250;515f;806r;SRR3458140;Mammalia;;
D12390;I14043;PAAN;Tsukayama2018;Wild;Scat;V4;Illumina MiSeq;PE;250;515f;806r;SRR3458139;Mammalia;;
D12453;I14136;RADY;Tong2019;Captivity;Gut content;V3,V4;Illumina MiSeq;PE;300;338f;806r;SRR6384024;Amphibia;;
D12454;I14137;RADY;Tong2019;Captivity;Gut content;V3,V4;Illumina MiSeq;PE;300;338f;806r;SRR6384025;Amphibia;;
D12455;I14138;RADY;Tong2019;Captivity;Gut content;V3,V4;Illumina MiSeq;PE;300;338f;806r;SRR6384026;Amphibia;;
D12456;I14139;RADY;Tong2019;Captivity;Gut content;V3,V4;Illumina MiSeq;PE;300;338f;806r;SRR6384027;Amphibia;;
D12457;I14140;RADY;Tong2019;Captivity;Gut content;V3,V4;Illumina MiSeq;PE;300;338f;806r;SRR6384028;Amphibia;;
D12458;I14141;RADY;Tong2019;Captivity;Gut content;V3,V4;Illumina MiSeq;PE;300;338f;806r;SRR8293945;Amphibia;;
D12459;I14142;RADY;Tong2019;Captivity;Gut content;V3,V4;Illumina MiSeq;PE;300;338f;806r;SRR8293946;Amphibia;;
D12460;I14143;RADY;Tong2019;Captivity;Gut content;V3,V4;Illumina MiSeq;PE;300;338f;806r;SRR8293947;Amphibia;;
D12461;I14144;RADY;Tong2019;Captivity;Gut content;V3,V4;Illumina MiSeq;PE;300;338f;806r;SRR8293948;Amphibia;;
D12462;I14145;RADY;Tong2019;Captivity;Gut content;V3,V4;Illumina MiSeq;PE;300;338f;806r;SRR8293949;Amphibia;;
D12463;I14146;RADY;Tong2019;Captivity;Gut content;V3,V4;Illumina MiSeq;PE;300;338f;806r;SRR8293950;Amphibia;;
D12464;I14147;RADY;Tong2019;Captivity;Gut content;V3,V4;Illumina MiSeq;PE;300;338f;806r;SRR8293951;Amphibia;;
D12465;I14148;RADY;Tong2019;Wild;Gut content;V3,V4;Illumina MiSeq;PE;300;338f;806r;SRR8293964;Amphibia;;
D12466;I14149;RADY;Tong2019;Wild;Gut content;V3,V4;Illumina MiSeq;PE;300;338f;806r;SRR8293965;Amphibia;;
D12467;I14150;RADY;Tong2019;Wild;Gut content;V3,V4;Illumina MiSeq;PE;300;338f;806r;SRR8293966;Amphibia;;
D12468;I14151;RADY;Tong2019;Wild;Gut content;V3,V4;Illumina MiSeq;PE;300;338f;806r;SRR8293967;Amphibia;;
D12469;I14152;RADY;Tong2019;Wild;Gut content;V3,V4;Illumina MiSeq;PE;300;338f;806r;SRR8293968;Amphibia;;
D12470;I14153;RADY;Tong2019;Wild;Gut content;V3,V4;Illumina MiSeq;PE;300;338f;806r;SRR8293969;Amphibia;;
D12471;I14154;RADY;Tong2019;Wild;Gut content;V3,V4;Illumina MiSeq;PE;300;338f;806r;SRR8293970;Amphibia;;
D12472;I14155;RADY;Tong2019;Wild;Gut content;V3,V4;Illumina MiSeq;PE;300;338f;806r;SRR6448871;Amphibia;;
D12473;I14156;RADY;Tong2019;Wild;Gut content;V3,V4;Illumina MiSeq;PE;300;338f;806r;SRR6448872;Amphibia;;
D12474;I14157;RADY;Tong2019;Wild;Gut content;V3,V4;Illumina MiSeq;PE;300;338f;806r;SRR6448873;Amphibia;;
D12475;I14158;RADY;Tong2019;Wild;Gut content;V3,V4;Illumina MiSeq;PE;300;338f;806r;SRR6448874;Amphibia;;
D12476;I14159;RADY;Tong2019;Wild;Gut content;V3,V4;Illumina MiSeq;PE;300;338f;806r;SRR6448875;Amphibia;;
D12481;I12658;TUTR;Bik2016;Captivity;Rectum;V3,V4,V5;454 GS FLX Titanium;SR (Forward);NA;338f;;SRR597642;Mammalia;;
D12500;I12663;TUTR;Bik2016;Captivity;Rectum;V3,V4,V5;454 GS FLX Titanium;SR (Forward);NA;338f;;SRR597470;Mammalia;;
D12507;I12665;TUTR;Bik2016;Captivity;Rectum;V3,V4,V5;454 GS FLX Titanium;SR (Forward);NA;338f;;SRR597472;Mammalia;;
D12519;I12669;TUTR;Bik2016;Captivity;Rectum;V3,V4,V5;454 GS FLX Titanium;SR (Forward);NA;338f;;SRR597648;Mammalia;;
D12547;I12671;TUTR;Bik2016;Captivity;Rectum;V3,V4,V5;454 GS FLX Titanium;SR (Forward);NA;338f;;SRR597651;Mammalia;;
D12567;I12672;TUTR;Bik2016;Captivity;Rectum;V3,V4,V5;454 GS FLX Titanium;SR (Forward);NA;338f;;SRR597653;Mammalia;;
D12571;I12673;TUTR;Bik2016;Captivity;Rectum;V3,V4,V5;454 GS FLX Titanium;SR (Forward);NA;338f;;SRR597654;Mammalia;;
D12606;I12678;TUTR;Bik2016;Captivity;Rectum;V3,V4,V5;454 GS FLX Titanium;SR (Forward);NA;338f;;SRR597497;Mammalia;;
D12609;I12679;TUTR;Bik2016;Captivity;Rectum;V3,V4,V5;454 GS FLX Titanium;SR (Forward);NA;338f;;SRR597656;Mammalia;;
D12635;I12681;TUTR;Bik2016;Captivity;Rectum;V3,V4,V5;454 GS FLX Titanium;SR (Forward);NA;338f;;SRR597660;Mammalia;;
D12656;I12682;TUTR;Bik2016;Captivity;Rectum;V3,V4,V5;454 GS FLX Titanium;SR (Forward);NA;338f;;SRR597663;Mammalia;;
D12699;I12683;TUTR;Bik2016;Captivity;Rectum;V3,V4,V5;454 GS FLX Titanium;SR (Forward);NA;338f;;SRR597664;Mammalia;;
D12719;I12684;TUTR;Bik2016;Captivity;Rectum;V3,V4,V5;454 GS FLX Titanium;SR (Forward);NA;338f;;SRR597521;Mammalia;;
D12722;I12685;TUTR;Bik2016;Wild;Rectum;V3,V4,V5;454 GS FLX Titanium;SR (Forward);NA;338f;;SRR597703;Mammalia;;
D12724;I12686;TUTR;Bik2016;Wild;Rectum;V3,V4,V5;454 GS FLX Titanium;SR (Forward);NA;338f;;SRR597704;Mammalia;;
D12726;I12687;TUTR;Bik2016;Wild;Rectum;V3,V4,V5;454 GS FLX Titanium;SR (Forward);NA;338f;;SRR597705;Mammalia;;
D12728;I12688;TUTR;Bik2016;Wild;Rectum;V3,V4,V5;454 GS FLX Titanium;SR (Forward);NA;338f;;SRR597706;Mammalia;;
D12730;I12689;TUTR;Bik2016;Wild;Rectum;V3,V4,V5;454 GS FLX Titanium;SR (Forward);NA;338f;;SRR597707;Mammalia;;
D12732;I12690;TUTR;Bik2016;Wild;Rectum;V3,V4,V5;454 GS FLX Titanium;SR (Forward);NA;338f;;SRR597708;Mammalia;;
D12734;I12691;TUTR;Bik2016;Wild;Rectum;V3,V4,V5;454 GS FLX Titanium;SR (Forward);NA;338f;;SRR597709;Mammalia;;
D12736;I12692;TUTR;Bik2016;Wild;Rectum;V3,V4,V5;454 GS FLX Titanium;SR (Forward);NA;338f;;SRR597710;Mammalia;;
D12738;I12693;TUTR;Bik2016;Wild;Rectum;V3,V4,V5;454 GS FLX Titanium;SR (Forward);NA;338f;;SRR597711;Mammalia;;
D12740;I12695;TUTR;Bik2016;Wild;Rectum;V3,V4,V5;454 GS FLX Titanium;SR (Forward);NA;338f;;SRR597712;Mammalia;;
D13559;I14879;LALT;Eisenhofer2020;Captivity;Scat;V4;Illumina MiSeq;PE;150;515f;806r;SRR12658819;Mammalia;;
D13560;I14880;LALT;Eisenhofer2020;Captivity;Scat;V4;Illumina MiSeq;PE;150;515f;806r;SRR12658817;Mammalia;;
D13561;I14881;LALT;Eisenhofer2020;Captivity;Scat;V4;Illumina MiSeq;PE;150;515f;806r;SRR12658816;Mammalia;;
D13562;I14882;LALT;Eisenhofer2020;Captivity;Scat;V4;Illumina MiSeq;PE;150;515f;806r;SRR12658815;Mammalia;;
D13563;I14883;LALT;Eisenhofer2020;Captivity;Scat;V4;Illumina MiSeq;PE;150;515f;806r;SRR12658813;Mammalia;;
D13564;I14884;LALT;Eisenhofer2020;Captivity;Scat;V4;Illumina MiSeq;PE;150;515f;806r;SRR12658835;Mammalia;;
D13565;I14885;LALT;Eisenhofer2020;Captivity;Scat;V4;Illumina MiSeq;PE;150;515f;806r;SRR12658832;Mammalia;;
D13566;I14886;LALT;Eisenhofer2020;Captivity;Scat;V4;Illumina MiSeq;PE;150;515f;806r;SRR12658831;Mammalia;;
D13567;I14887;LALT;Eisenhofer2020;Captivity;Scat;V4;Illumina MiSeq;PE;150;515f;806r;SRR12658829;Mammalia;;
D13568;I14888;LALT;Eisenhofer2020;Captivity;Scat;V4;Illumina MiSeq;PE;150;515f;806r;SRR12658827;Mammalia;;
D13569;I14889;LALT;Eisenhofer2020;Captivity;Scat;V4;Illumina MiSeq;PE;150;515f;806r;SRR12658826;Mammalia;;
D13570;I14890;LALT;Eisenhofer2020;Captivity;Scat;V4;Illumina MiSeq;PE;150;515f;806r;SRR12658824;Mammalia;;
D13571;I14891;LALT;Eisenhofer2020;Captivity;Scat;V4;Illumina MiSeq;PE;150;515f;806r;SRR12658822;Mammalia;;
D13572;I14892;LALT;Eisenhofer2020;Captivity;Scat;V4;Illumina MiSeq;PE;150;515f;806r;SRR12658821;Mammalia;;
D13573;I14893;LALT;Eisenhofer2020;Wild;Scat;V4;Illumina MiSeq;PE;150;515f;806r;SRR12658854;Mammalia;;
D13575;I14895;LALT;Eisenhofer2020;Wild;Scat;V4;Illumina MiSeq;PE;150;515f;806r;SRR12658843;Mammalia;;
D13577;I14897;LALT;Eisenhofer2020;Wild;Scat;V4;Illumina MiSeq;PE;150;515f;806r;SRR12658841;Mammalia;;
D13579;I14899;LALT;Eisenhofer2020;Wild;Scat;V4;Illumina MiSeq;PE;150;515f;806r;SRR12658839;Mammalia;;
D13580;I14900;LALT;Eisenhofer2020;Wild;Scat;V4;Illumina MiSeq;PE;150;515f;806r;SRR12658838;Mammalia;;
D13581;I14901;LALT;Eisenhofer2020;Wild;Scat;V4;Illumina MiSeq;PE;150;515f;806r;SRR12658837;Mammalia;;
D13582;I14902;LALT;Eisenhofer2020;Wild;Scat;V4;Illumina MiSeq;PE;150;515f;806r;SRR12658853;Mammalia;;
D13583;I14903;LALT;Eisenhofer2020;Wild;Scat;V4;Illumina MiSeq;PE;150;515f;806r;SRR12658852;Mammalia;;
D13584;I14904;LALT;Eisenhofer2020;Wild;Scat;V4;Illumina MiSeq;PE;150;515f;806r;SRR12658851;Mammalia;;
D13586;I14906;LALT;Eisenhofer2020;Wild;Scat;V4;Illumina MiSeq;PE;150;515f;806r;SRR12658849;Mammalia;;
D13587;I14907;LALT;Eisenhofer2020;Wild;Scat;V4;Illumina MiSeq;PE;150;515f;806r;SRR12658848;Mammalia;;
D13588;I14908;LALT;Eisenhofer2020;Wild;Scat;V4;Illumina MiSeq;PE;150;515f;806r;SRR12658846;Mammalia;;
D13589;I14909;LALT;Eisenhofer2020;Wild;Scat;V4;Illumina MiSeq;PE;150;515f;806r;SRR12658845;Mammalia;;
D13591;I14911;LALT;Eisenhofer2020;Wild;Scat;V4;Illumina MiSeq;PE;150;515f;806r;SRR12658866;Mammalia;;
D13592;I14912;LALT;Eisenhofer2020;Wild;Scat;V4;Illumina MiSeq;PE;150;515f;806r;SRR12658865;Mammalia;;
D13594;I14914;LALT;Eisenhofer2020;Wild;Scat;V4;Illumina MiSeq;PE;150;515f;806r;SRR12658863;Mammalia;;
D13595;I14915;LALT;Eisenhofer2020;Wild;Scat;V4;Illumina MiSeq;PE;150;515f;806r;SRR12658862;Mammalia;;
D13596;I14916;LALT;Eisenhofer2020;Wild;Scat;V4;Illumina MiSeq;PE;150;515f;806r;SRR12658861;Mammalia;;
D13598;I14918;LALT;Eisenhofer2020;Wild;Scat;V4;Illumina MiSeq;PE;150;515f;806r;SRR12658859;Mammalia;;
D13671;I14964;PELE;vanLeeuwen2020;Captivity;Scat;V4;Illumina MiSeq;PE;300;515f;806r;;Mammalia;;
D13673;I14965;PELE;vanLeeuwen2020;Captivity;Scat;V4;Illumina MiSeq;PE;300;515f;806r;;Mammalia;;
D13675;I14966;PELE;vanLeeuwen2020;Captivity;Scat;V4;Illumina MiSeq;PE;300;515f;806r;;Mammalia;;
D13677;I14967;PELE;vanLeeuwen2020;Captivity;Scat;V4;Illumina MiSeq;PE;300;515f;806r;;Mammalia;;
D13679;I14975;PELE;vanLeeuwen2020;Captivity;Scat;V4;Illumina MiSeq;PE;300;515f;806r;;Mammalia;;
D13681;I14976;PELE;vanLeeuwen2020;Captivity;Scat;V4;Illumina MiSeq;PE;300;515f;806r;;Mammalia;;
D13683;I14968;PELE;vanLeeuwen2020;Captivity;Scat;V4;Illumina MiSeq;PE;300;515f;806r;;Mammalia;;
D13685;I14977;PELE;vanLeeuwen2020;Captivity;Scat;V4;Illumina MiSeq;PE;300;515f;806r;;Mammalia;;
D13687;I14969;PELE;vanLeeuwen2020;Captivity;Scat;V4;Illumina MiSeq;PE;300;515f;806r;;Mammalia;;
D13689;I14970;PELE;vanLeeuwen2020;Captivity;Scat;V4;Illumina MiSeq;PE;300;515f;806r;;Mammalia;;
D13691;I14971;PELE;vanLeeuwen2020;Captivity;Scat;V4;Illumina MiSeq;PE;300;515f;806r;;Mammalia;;
D13693;I14972;PELE;vanLeeuwen2020;Captivity;Scat;V4;Illumina MiSeq;PE;300;515f;806r;;Mammalia;;
D13695;I14978;PELE;vanLeeuwen2020;Captivity;Scat;V4;Illumina MiSeq;PE;300;515f;806r;;Mammalia;;
D13697;I14973;PELE;vanLeeuwen2020;Captivity;Scat;V4;Illumina MiSeq;PE;300;515f;806r;;Mammalia;;
D13699;I14979;PELE;vanLeeuwen2020;Captivity;Scat;V4;Illumina MiSeq;PE;300;515f;806r;;Mammalia;;
D13701;I14974;PELE;vanLeeuwen2020;Captivity;Scat;V4;Illumina MiSeq;PE;300;515f;806r;;Mammalia;;
D13703;I14980;PELE;vanLeeuwen2020;Captivity;Scat;V4;Illumina MiSeq;PE;300;515f;806r;;Mammalia;;
D13705;I14981;PELE;vanLeeuwen2020;Captivity;Scat;V4;Illumina MiSeq;PE;300;515f;806r;;Mammalia;;
D13707;I14982;PELE;vanLeeuwen2020;Wild;Scat;V4;Illumina MiSeq;PE;300;515f;806r;;Mammalia;;
D13708;I14982;PELE;vanLeeuwen2020;Wild;Scat;V4;Illumina MiSeq;PE;300;515f;806r;;Mammalia;;
D13709;I14983;PELE;vanLeeuwen2020;Wild;Scat;V4;Illumina MiSeq;PE;300;515f;806r;;Mammalia;;
D13710;I14983;PELE;vanLeeuwen2020;Wild;Scat;V4;Illumina MiSeq;PE;300;515f;806r;;Mammalia;;
D13711;I14984;PELE;vanLeeuwen2020;Wild;Scat;V4;Illumina MiSeq;PE;300;515f;806r;;Mammalia;;
D13712;I14984;PELE;vanLeeuwen2020;Wild;Scat;V4;Illumina MiSeq;PE;300;515f;806r;;Mammalia;;
D13713;I14985;PELE;vanLeeuwen2020;Wild;Scat;V4;Illumina MiSeq;PE;300;515f;806r;;Mammalia;;
D13714;I14985;PELE;vanLeeuwen2020;Wild;Scat;V4;Illumina MiSeq;PE;300;515f;806r;;Mammalia;;
D13715;I14986;PELE;vanLeeuwen2020;Wild;Scat;V4;Illumina MiSeq;PE;300;515f;806r;;Mammalia;;
D13716;I14986;PELE;vanLeeuwen2020;Wild;Scat;V4;Illumina MiSeq;PE;300;515f;806r;;Mammalia;;
D13717;I14987;PELE;vanLeeuwen2020;Wild;Scat;V4;Illumina MiSeq;PE;300;515f;806r;;Mammalia;;
D13718;I14987;PELE;vanLeeuwen2020;Wild;Scat;V4;Illumina MiSeq;PE;300;515f;806r;;Mammalia;;
D13719;I14988;PELE;vanLeeuwen2020;Wild;Scat;V4;Illumina MiSeq;PE;300;515f;806r;;Mammalia;;
D13720;I14988;PELE;vanLeeuwen2020;Wild;Scat;V4;Illumina MiSeq;PE;300;515f;806r;;Mammalia;;
D13721;I14989;PELE;vanLeeuwen2020;Wild;Scat;V4;Illumina MiSeq;PE;300;515f;806r;;Mammalia;;
D13722;I14989;PELE;vanLeeuwen2020;Wild;Scat;V4;Illumina MiSeq;PE;300;515f;806r;;Mammalia;;
D13723;I14990;PELE;vanLeeuwen2020;Wild;Scat;V4;Illumina MiSeq;PE;300;515f;806r;;Mammalia;;
D14129;I15369;SAHA2;Cheng2016;Captivity;Scat;V1,V2,V3;454 GS FLX Titanium;SR (Forward);500;27f;;SRR2442752;Mammalia;;
D14132;I15372;SAHA2;Cheng2016;Captivity;Scat;V1,V2,V3;454 GS FLX Titanium;SR (Forward);500;27f;;SRR2442756;Mammalia;;
D14135;I15375;SAHA2;Cheng2016;Captivity;Scat;V1,V2,V3;454 GS FLX Titanium;SR (Forward);500;27f;;SRR2442759;Mammalia;;
D14136;I15376;SAHA2;Cheng2016;Captivity;Scat;V1,V2,V3;454 GS FLX Titanium;SR (Forward);500;27f;;SRR2442760;Mammalia;;
D14140;I15380;SAHA2;Cheng2016;Captivity;Scat;V1,V2,V3;454 GS FLX Titanium;SR (Forward);500;27f;;SRR2442764;Mammalia;;
D14144;I15384;SAHA2;Cheng2016;Captivity;Scat;V1,V2,V3;454 GS FLX Titanium;SR (Forward);500;27f;;SRR2442769;Mammalia;;
D14156;I15396;SAHA2;Cheng2016;Wild;Scat;V1,V2,V3;454 GS FLX Titanium;SR (Forward);500;27f;;SRR2442713;Mammalia;;
D14160;I15400;SAHA2;Cheng2016;Wild;Scat;V1,V2,V3;454 GS FLX Titanium;SR (Forward);500;27f;;SRR2442774;Mammalia;;
D14162;I15402;SAHA2;Cheng2016;Wild;Scat;V1,V2,V3;454 GS FLX Titanium;SR (Forward);500;27f;;SRR2442776;Mammalia;;
D14163;I15403;SAHA2;Cheng2016;Wild;Scat;V1,V2,V3;454 GS FLX Titanium;SR (Forward);500;27f;;SRR2442716;Mammalia;;
D14164;I15404;SAHA2;Cheng2016;Wild;Scat;V1,V2,V3;454 GS FLX Titanium;SR (Forward);500;27f;;SRR2442717;Mammalia;;
D14166;I15406;SAHA2;Cheng2016;Wild;Scat;V1,V2,V3;454 GS FLX Titanium;SR (Forward);500;27f;;SRR2442731;Mammalia;;
D14213;I15456;MYTR;Delsuc2014;Captivity;Scat;V4;Illumina MiSeq;SR (Forward);150;515f;;ERR328019;Mammalia;;
D14214;I15457;MYTR;Delsuc2014;Captivity;Scat;V4;Illumina MiSeq;SR (Forward);150;515f;;ERR327982;Mammalia;;
D14215;I15458;MYTR;Delsuc2014;Captivity;Scat;V4;Illumina MiSeq;SR (Forward);150;515f;;ERR327980;Mammalia;;
D14216;I15459;MYTR;Delsuc2014;Captivity;Scat;V4;Illumina MiSeq;SR (Forward);150;515f;;ERR328061;Mammalia;;
D14217;I15460;MYTR;Delsuc2014;Captivity;Scat;V4;Illumina MiSeq;SR (Forward);150;515f;;ERR328054;Mammalia;;
D14218;I15461;MYTR;Delsuc2014;Wild;Scat;V4;Illumina MiSeq;SR (Forward);150;515f;;ERR328018;Mammalia;;
D14219;I15462;MYTR;Delsuc2014;Wild;Scat;V4;Illumina MiSeq;SR (Forward);150;515f;;ERR328045;Mammalia;;
D14220;I15463;MYTR;Delsuc2014;Wild;Scat;V4;Illumina MiSeq;SR (Forward);150;515f;;ERR328040;Mammalia;;
D14221;I15464;MYTR;Delsuc2014;Wild;Scat;V4;Illumina MiSeq;SR (Forward);150;515f;;ERR328016;Mammalia;;
D14222;I15465;MYTR;Delsuc2014;Wild;Scat;V4;Illumina MiSeq;SR (Forward);150;515f;;ERR327975;Mammalia;;
D14223;I15466;MYTR;Delsuc2014;Wild;Scat;V4;Illumina MiSeq;SR (Forward);150;515f;;ERR328034;Mammalia;;
D14276;I15334;ALGI;Sandri2020;Captivity;Scat;V3,V4;Illumina MiSeq;PE;300;341f;806r;ERR3988760;Reptilia;;
D14277;I15335;ALGI;Sandri2020;Captivity;Scat;V3,V4;Illumina MiSeq;PE;300;341f;806r;ERR3988759;Reptilia;;
D14278;I15336;ALGI;Sandri2020;Captivity;Scat;V3,V4;Illumina MiSeq;PE;300;341f;806r;ERR3988758;Reptilia;;
D14279;I15337;ALGI;Sandri2020;Captivity;Scat;V3,V4;Illumina MiSeq;PE;300;341f;806r;ERR3988757;Reptilia;;
D14280;I15338;ALGI;Sandri2020;Captivity;Scat;V3,V4;Illumina MiSeq;PE;300;341f;806r;ERR3988756;Reptilia;;
D14281;I15339;ALGI;Sandri2020;Captivity;Scat;V3,V4;Illumina MiSeq;PE;300;341f;806r;ERR3988755;Reptilia;;
D14285;I15343;ALGI;Sandri2020;Wild;Scat;V3,V4;Illumina MiSeq;PE;300;341f;806r;ERR3988751;Reptilia;;
D14286;I15344;ALGI;Sandri2020;Wild;Scat;V3,V4;Illumina MiSeq;PE;300;341f;806r;ERR3988750;Reptilia;;
D14287;I15345;ALGI;Sandri2020;Wild;Scat;V3,V4;Illumina MiSeq;PE;300;341f;806r;ERR3988749;Reptilia;;
D14288;I15346;ALGI;Sandri2020;Wild;Scat;V3,V4;Illumina MiSeq;PE;300;341f;806r;ERR3988748;Reptilia;;
D14289;I15347;ALGI;Sandri2020;Wild;Scat;V3,V4;Illumina MiSeq;PE;300;341f;806r;ERR3988747;Reptilia;;
D14290;I15348;ALGI;Sandri2020;Wild;Scat;V3,V4;Illumina MiSeq;PE;300;341f;806r;ERR3988746;Reptilia;;
